罪名,手口,管轄警察署（発生地）,管轄交番・駐在所（発生地）,市区町村コード（発生地）,都道府県（発生地）,市区町村（発生地）,町丁目（発生地）,発生年月日（始期）,発生時（始期）,発生場所,発生場所の詳細,施錠関係,盗難防止装置の有無,現金以外の主な被害品
窃盗,自動車盗,麹町,市ケ谷見付,131016,東京都,千代田区,二番町,2025-06-04,21,駐車（輪）場,駐車（輪）場,キーなし,あり,乗用自動車
窃盗,自動車盗,万世橋,秋葉原,131016,東京都,千代田区,外神田３丁目,2025-10-24,19,道路上,その他,キーあり,あり,乗用自動車
窃盗,自動車盗,久松,東日本橋,131024,東京都,中央区,東日本橋２丁目,2025-11-14,01,道路上,その他,キーあり,なし,乗用自動車
窃盗,自動車盗,久松,浜町,131024,東京都,中央区,日本橋浜町２丁目,2025-06-06,11,道路上,その他,キーあり,なし,乗用自動車
窃盗,自動車盗,久松,箱崎,131024,東京都,中央区,日本橋箱崎町,2025-07-24,14,道路上,その他,キーなし,あり,乗用自動車
窃盗,自動車盗,愛宕,東新橋,131032,東京都,港区,東新橋１丁目,2025-04-26,18,その他,駐車（輪）場,キーあり,なし,貨物自動車
窃盗,自動車盗,愛宕,浜松町,131032,東京都,港区,浜松町１丁目,2025-11-25,22,駐車（輪）場,駐車（輪）場,キーあり,なし,乗用自動車
窃盗,自動車盗,赤坂,表参道,131032,東京都,港区,南青山４丁目,2025-04-20,03,駐車（輪）場,駐車（輪）場,キーなし,なし,乗用自動車
窃盗,自動車盗,東京湾岸,第五台場,131091,東京都,品川区,八潮１丁目,2025-01-10,18,駐車（輪）場,駐車（輪）場,キーなし,なし,貨物自動車
窃盗,自動車盗,田園調布,石川台,131113,東京都,大田区,東雪谷３丁目,2025-12-21,18,駐車（輪）場,駐車（輪）場,キーなし,なし,乗用自動車
窃盗,自動車盗,蒲田,北糀谷,131113,東京都,大田区,西糀谷３丁目,2025-09-12,04,道路上,その他,キーあり,なし,乗用自動車
窃盗,自動車盗,蒲田,北糀谷,131113,東京都,大田区,東糀谷１丁目,2025-06-08,01,駐車（輪）場,駐車（輪）場,キーなし,あり,なし
窃盗,自動車盗,蒲田,東六郷,131113,東京都,大田区,南六郷１丁目,2025-05-05,22,駐車（輪）場,駐車（輪）場,キーなし,なし,乗用自動車
窃盗,自動車盗,蒲田,蒲田駅東口,131113,東京都,大田区,蒲田本町１丁目,2025-06-07,17,４階建て以上共同住宅,駐車（輪）場,キーなし,なし,なし
窃盗,自動車盗,蒲田,西六郷,131113,東京都,大田区,西六郷１丁目,2025-06-05,17,駐車（輪）場,駐車（輪）場,キーなし,あり,なし
窃盗,自動車盗,池上,市野倉,131113,東京都,大田区,中央６丁目,2025-07-03,15,駐車（輪）場,駐車（輪）場,キーなし,なし,乗用自動車
窃盗,自動車盗,世田谷,松ケ丘,131121,東京都,世田谷区,桜３丁目,2025-04-17,08,駐車（輪）場,駐車（輪）場,キーなし,あり,乗用自動車
窃盗,自動車盗,世田谷,桜丘,131121,東京都,世田谷区,桜丘４丁目,2025-08-16,15,駐車（輪）場,駐車（輪）場,キーあり,あり,乗用自動車
窃盗,自動車盗,玉川,上野毛,131121,東京都,世田谷区,上野毛２丁目,2025-01-03,04,その他の住宅（３階建て以下共同住宅等）,駐車（輪）場,キーなし,あり,乗用自動車
窃盗,自動車盗,玉川,尾山台,131121,東京都,世田谷区,尾山台２丁目,2025-08-27,20,一戸建住宅,駐車（輪）場,キーなし,あり,乗用自動車
窃盗,自動車盗,玉川,瀬田,131121,東京都,世田谷区,瀬田５丁目,2025-04-01,21,一戸建住宅,駐車（輪）場,キーなし,あり,乗用自動車
窃盗,自動車盗,成城,岡本,131121,東京都,世田谷区,岡本１丁目,2025-03-29,21,その他の住宅（３階建て以下共同住宅等）,駐車（輪）場,キーなし,あり,乗用自動車
窃盗,自動車盗,成城,岡本,131121,東京都,世田谷区,岡本２丁目,2025-05-11,13,４階建て以上共同住宅,駐車（輪）場,キーなし,あり,乗用自動車
窃盗,自動車盗,成城,烏山,131121,東京都,世田谷区,南烏山５丁目,2025-02-24,13,道路上,その他,キーあり,なし,貨物自動車
窃盗,自動車盗,目黒,中目黒駅前,131105,東京都,目黒区,上目黒１丁目,2025-02-24,06,道路上,その他,キーあり,なし,貨物自動車
窃盗,自動車盗,碑文谷,自由が丘,131105,東京都,目黒区,自由が丘２丁目,2025-02-26,20,その他,その他,キーあり,なし,乗用自動車
窃盗,自動車盗,渋谷,宇田川,131130,東京都,渋谷区,神山町,2025-01-28,17,道路上,その他,キーあり,なし,乗用自動車
窃盗,自動車盗,新宿,新宿駅西口,131041,東京都,新宿区,西新宿２丁目,2025-11-17,17,その他,駐車（輪）場,キーなし,あり,乗用自動車
窃盗,自動車盗,戸塚,上落合,131041,東京都,新宿区,上落合２丁目,2025-09-30,16,道路上,その他,キーあり,なし,貨物自動車
窃盗,自動車盗,戸塚,下落合三丁目,131041,東京都,新宿区,下落合２丁目,2025-06-05,16,駐車（輪）場,駐車（輪）場,キーなし,あり,なし
窃盗,自動車盗,中野,中野坂上,131148,東京都,中野区,本町１丁目,2025-03-16,01,駐車（輪）場,駐車（輪）場,キーなし,あり,乗用自動車
窃盗,自動車盗,中野,東中野駅前,131148,東京都,中野区,東中野５丁目,2025-06-21,10,駐車（輪）場,駐車（輪）場,キーなし,なし,乗用自動車
窃盗,自動車盗,野方,野方一丁目,131148,東京都,中野区,新井２丁目,2025-06-29,13,駐車（輪）場,駐車（輪）場,キーあり,あり,乗用自動車
窃盗,自動車盗,杉並,和田本町,131156,東京都,杉並区,和田１丁目,2025-10-20,18,４階建て以上共同住宅,駐車（輪）場,キーあり,なし,乗用自動車
窃盗,自動車盗,杉並,東田町,131156,東京都,杉並区,成田東４丁目,2025-11-10,23,道路上,その他,キーあり,なし,乗用自動車
窃盗,自動車盗,高井戸,宗源寺前,131156,東京都,杉並区,下高井戸５丁目,2025-08-29,09,その他,その他,キーあり,あり,乗用自動車
窃盗,自動車盗,高井戸,高井戸西,131156,東京都,杉並区,高井戸西２丁目,2024-09-06,09,駐車（輪）場,駐車（輪）場,キーあり,なし,乗用自動車
窃盗,自動車盗,大塚,目白台,131059,東京都,文京区,目白台２丁目,2025-08-24,10,駐車（輪）場,駐車（輪）場,キーなし,あり,乗用自動車
窃盗,自動車盗,本富士,弥生町,131059,東京都,文京区,向丘１丁目,2025-09-03,15,道路上,その他,キーあり,なし,貨物自動車
窃盗,自動車盗,池袋,池袋駅西口,131164,東京都,豊島区,西池袋１丁目,2024-09-28,02,駐車（輪）場,駐車（輪）場,キーあり,あり,乗用自動車
窃盗,自動車盗,王子,十条駅前,131172,東京都,北区,上十条２丁目,2025-11-12,09,道路上,その他,キーあり,なし,乗用自動車
窃盗,自動車盗,王子,王子駅前,131172,東京都,北区,王子２丁目,2025-08-24,09,一戸建住宅,駐車（輪）場,キーなし,なし,乗用自動車
窃盗,自動車盗,赤羽,宮堀,131172,東京都,北区,神谷１丁目,2025-06-09,21,駐車（輪）場,駐車（輪）場,キーなし,あり,乗用自動車
窃盗,自動車盗,赤羽,赤羽北,131172,東京都,北区,赤羽北１丁目,2025-09-01,00,駐車（輪）場,駐車（輪）場,キーなし,なし,乗用自動車
窃盗,自動車盗,赤羽,赤羽駅前,131172,東京都,北区,赤羽１丁目,2025-07-25,18,駐車（輪）場,駐車（輪）場,キーあり,あり,なし
窃盗,自動車盗,板橋,加賀,131199,東京都,板橋区,加賀１丁目,2025-02-23,15,道路上,その他,キーなし,なし,貨物自動車
窃盗,自動車盗,志村,坂下,131199,東京都,板橋区,舟渡２丁目,2025-03-26,22,４階建て以上共同住宅,駐車（輪）場,キーなし,あり,乗用自動車
窃盗,自動車盗,志村,蓮根,131199,東京都,板橋区,蓮根１丁目,2025-09-09,21,駐車（輪）場,駐車（輪）場,キーなし,なし,なし
窃盗,自動車盗,志村,蓮根,131199,東京都,板橋区,蓮根１丁目,2025-11-11,22,駐車（輪）場,駐車（輪）場,キーなし,あり,なし
窃盗,自動車盗,志村,西台,131199,東京都,板橋区,西台３丁目,2025-09-06,03,一戸建住宅,駐車（輪）場,キーなし,あり,乗用自動車
窃盗,自動車盗,石神井,北大泉,131202,東京都,練馬区,大泉町１丁目,2025-03-26,08,駐車（輪）場,駐車（輪）場,キーなし,なし,乗用自動車
窃盗,自動車盗,高島平,北野,131199,東京都,板橋区,徳丸２丁目,2025-10-06,18,駐車（輪）場,駐車（輪）場,キーなし,あり,乗用自動車
窃盗,自動車盗,高島平,北野,131199,東京都,板橋区,徳丸３丁目,2025-09-05,19,駐車（輪）場,駐車（輪）場,キーなし,あり,乗用自動車
窃盗,自動車盗,高島平,西台駅前,131199,東京都,板橋区,徳丸１丁目,2025-12-10,18,駐車（輪）場,駐車（輪）場,キーなし,なし,貨物自動車
窃盗,自動車盗,高島平,高島平駅前,131199,東京都,板橋区,高島平２丁目,2025-05-14,20,駐車（輪）場,駐車（輪）場,キーなし,あり,乗用自動車
窃盗,自動車盗,光が丘,谷原,131202,東京都,練馬区,高松３丁目,2025-06-12,18,駐車（輪）場,駐車（輪）場,キーなし,あり,乗用自動車
窃盗,自動車盗,尾久,赤土,131181,東京都,荒川区,東尾久３丁目,2025-08-26,20,４階建て以上共同住宅,駐車（輪）場,キーなし,あり,乗用自動車
窃盗,自動車盗,尾久,赤土,131181,東京都,荒川区,東尾久４丁目,2025-01-08,01,駐車（輪）場,駐車（輪）場,キーなし,なし,乗用自動車
窃盗,自動車盗,南千住,南千住八丁目,131181,東京都,荒川区,南千住８丁目,2025-06-02,21,４階建て以上共同住宅,駐車（輪）場,キーなし,なし,乗用自動車
窃盗,自動車盗,西新井,大師前,131211,東京都,足立区,栗原３丁目,2025-10-21,20,駐車（輪）場,駐車（輪）場,キーなし,あり,乗用自動車
窃盗,自動車盗,西新井,島根,131211,東京都,足立区,島根２丁目,2025-11-24,10,その他,駐車（輪）場,キーあり,なし,乗用自動車
窃盗,自動車盗,西新井,新田,131211,東京都,足立区,新田３丁目,2025-08-11,14,４階建て以上共同住宅,駐車（輪）場,キーなし,なし,なし
窃盗,自動車盗,西新井,本木,131211,東京都,足立区,本木１丁目,2025-08-26,15,駐車（輪）場,駐車（輪）場,キーなし,なし,貨物自動車
窃盗,自動車盗,西新井,梅田七丁目,131211,東京都,足立区,梅島２丁目,2025-01-15,20,駐車（輪）場,駐車（輪）場,キーなし,あり,乗用自動車
窃盗,自動車盗,西新井,皿沼,131211,東京都,足立区,加賀１丁目,2025-05-21,不明,その他の住宅（３階建て以下共同住宅等）,その他,キーあり,なし,貨物自動車
窃盗,自動車盗,西新井,皿沼,131211,東京都,足立区,加賀１丁目,2025-07-11,15,その他,その他,キーあり,なし,貨物自動車
窃盗,自動車盗,西新井,西新井五丁目,131211,東京都,足立区,谷在家１丁目,2025-03-12,21,その他,駐車（輪）場,キーあり,なし,貨物自動車
窃盗,自動車盗,西新井,西新井駅前,131211,東京都,足立区,西新井栄町２丁目,2025-03-03,17,駐車（輪）場,駐車（輪）場,キーなし,あり,乗用自動車
窃盗,自動車盗,西新井,鹿浜,131211,東京都,足立区,鹿浜２丁目,2025-08-05,12,駐車（輪）場,駐車（輪）場,キーなし,なし,乗用自動車
窃盗,自動車盗,西新井,鹿浜,131211,東京都,足立区,鹿浜２丁目,2025-08-05,12,駐車（輪）場,駐車（輪）場,キーなし,なし,乗用自動車
窃盗,自動車盗,西新井,鹿浜,131211,東京都,足立区,鹿浜３丁目,2025-04-28,18,４階建て以上共同住宅,駐車（輪）場,キーなし,なし,乗用自動車
窃盗,自動車盗,綾瀬,一ツ家,131211,東京都,足立区,加平２丁目,2025-03-20,03,駐車（輪）場,駐車（輪）場,キーなし,なし,乗用自動車
窃盗,自動車盗,綾瀬,一ツ家,131211,東京都,足立区,中央本町２丁目,2025-02-14,15,駐車（輪）場,駐車（輪）場,キーなし,あり,なし
窃盗,自動車盗,綾瀬,中央本町,131211,東京都,足立区,平野３丁目,2025-01-07,19,駐車（輪）場,駐車（輪）場,キーなし,あり,乗用自動車
窃盗,自動車盗,綾瀬,五反野駅前,131211,東京都,足立区,足立１丁目,2025-03-15,05,その他,駐車（輪）場,キーなし,なし,乗用自動車
窃盗,自動車盗,綾瀬,大谷田,131211,東京都,足立区,大谷田４丁目,2025-11-20,08,駐車（輪）場,駐車（輪）場,キーなし,あり,乗用自動車
窃盗,自動車盗,綾瀬,綾瀬六丁目,131211,東京都,足立区,綾瀬６丁目,2025-06-21,14,駐車（輪）場,駐車（輪）場,キーなし,なし,乗用自動車
窃盗,自動車盗,綾瀬,綾瀬六丁目,131211,東京都,足立区,谷中２丁目,2025-05-09,03,道路上,その他,キーなし,なし,乗用自動車
窃盗,自動車盗,綾瀬,綾瀬駅東口,131211,東京都,足立区,綾瀬２丁目,2025-06-22,22,駐車（輪）場,駐車（輪）場,キーなし,あり,乗用自動車
窃盗,自動車盗,竹の塚,伊興町,131211,東京都,足立区,東伊興４丁目,2025-12-06,15,一戸建住宅,駐車（輪）場,キーなし,あり,乗用自動車
窃盗,自動車盗,竹の塚,保木間,131211,東京都,足立区,東保木間１丁目,2025-06-09,10,駐車（輪）場,駐車（輪）場,キーなし,あり,乗用自動車
窃盗,自動車盗,竹の塚,保木間,131211,東京都,足立区,保木間１丁目,2025-05-06,16,駐車（輪）場,駐車（輪）場,キーなし,あり,乗用自動車
窃盗,自動車盗,竹の塚,保木間,131211,東京都,足立区,保木間３丁目,2025-01-10,04,その他,駐車（輪）場,キーなし,なし,乗用自動車
窃盗,自動車盗,竹の塚,入谷町,131211,東京都,足立区,古千谷本町４丁目,2025-12-17,03,一戸建住宅,駐車（輪）場,キーなし,あり,乗用自動車
窃盗,自動車盗,竹の塚,古千谷,131211,東京都,足立区,西伊興２丁目,2025-01-17,18,駐車（輪）場,駐車（輪）場,キーあり,なし,乗用自動車
窃盗,自動車盗,竹の塚,花畑,131211,東京都,足立区,花畑２丁目,2024-12-13,00,駐車（輪）場,駐車（輪）場,キーなし,なし,乗用自動車
窃盗,自動車盗,竹の塚,花畑,131211,東京都,足立区,花畑２丁目,2025-01-10,03,駐車（輪）場,駐車（輪）場,キーなし,あり,なし
窃盗,自動車盗,城東,亀戸駅前,131083,東京都,江東区,亀戸１丁目,2025-04-08,16,駐車（輪）場,駐車（輪）場,キーなし,なし,貨物自動車
窃盗,自動車盗,本所,向島,131075,東京都,墨田区,向島５丁目,2025-08-18,11,道路上,その他,キーあり,なし,貨物自動車
窃盗,自動車盗,向島,京島,131075,東京都,墨田区,京島３丁目,2025-11-28,20,駐車（輪）場,駐車（輪）場,キーなし,なし,貨物自動車
窃盗,自動車盗,向島,小村井,131075,東京都,墨田区,立花５丁目,2025-05-01,18,駐車（輪）場,駐車（輪）場,キーあり,なし,貨物自動車
窃盗,自動車盗,亀有,お花茶屋,131229,東京都,葛飾区,白鳥１丁目,2025-06-25,13,駐車（輪）場,駐車（輪）場,キーなし,あり,乗用自動車
窃盗,自動車盗,亀有,南水元,131229,東京都,葛飾区,新宿６丁目,2025-06-27,18,４階建て以上共同住宅,駐車（輪）場,キーなし,あり,乗用自動車
窃盗,自動車盗,亀有,南水元,131229,東京都,葛飾区,新宿６丁目,2025-06-29,19,４階建て以上共同住宅,駐車（輪）場,キーなし,あり,乗用自動車
窃盗,自動車盗,亀有,柴又,131229,東京都,葛飾区,柴又５丁目,2025-06-22,16,駐車（輪）場,駐車（輪）場,キーあり,あり,乗用自動車
窃盗,自動車盗,亀有,水元公園前,131229,東京都,葛飾区,東水元２丁目,2025-06-28,22,駐車（輪）場,駐車（輪）場,キーなし,あり,乗用自動車
窃盗,自動車盗,亀有,西水元,131229,東京都,葛飾区,西水元６丁目,2025-10-02,22,その他,その他,キーあり,なし,乗用自動車
窃盗,自動車盗,小松川,京葉通,131237,東京都,江戸川区,大杉２丁目,2025-05-25,22,駐車（輪）場,駐車（輪）場,キーなし,あり,乗用自動車
窃盗,自動車盗,小岩,京成小岩駅前,131237,東京都,江戸川区,西小岩４丁目,2025-08-16,16,駐車（輪）場,駐車（輪）場,キーなし,なし,乗用自動車
窃盗,自動車盗,小岩,北小岩,131237,東京都,江戸川区,北小岩７丁目,2025-06-02,21,その他の住宅（３階建て以下共同住宅等）,駐車（輪）場,キーなし,あり,乗用自動車
窃盗,自動車盗,小岩,北小岩二丁目,131237,東京都,江戸川区,東小岩６丁目,2025-10-31,20,その他,駐車（輪）場,キーあり,なし,乗用自動車
窃盗,自動車盗,小岩,南小岩,131237,東京都,江戸川区,南小岩３丁目,2025-10-03,02,その他,その他,キーあり,なし,乗用自動車
窃盗,自動車盗,葛西,南葛西,131237,東京都,江戸川区,南葛西３丁目,2025-05-30,11,４階建て以上共同住宅,駐車（輪）場,キーなし,あり,乗用自動車
窃盗,自動車盗,葛西,江戸川六丁目,131237,東京都,江戸川区,西瑞江５丁目,2025-10-12,23,駐車（輪）場,駐車（輪）場,キーなし,あり,乗用自動車
窃盗,自動車盗,南大沢,みなみ野,132012,東京都,八王子市,鑓水２丁目,2025-12-09,19,その他の住宅（３階建て以下共同住宅等）,駐車（輪）場,キーあり,なし,貨物自動車
窃盗,自動車盗,南大沢,みなみ野,132012,東京都,八王子市,みなみ野６丁目,2025-05-05,12,その他,駐車（輪）場,キーなし,あり,乗用自動車
窃盗,自動車盗,南大沢,大戸,132098,東京都,町田市,相原町,2025-10-27,20,４階建て以上共同住宅,その他,キーあり,なし,特殊自動車
窃盗,自動車盗,高尾,めじろ台,132012,東京都,八王子市,めじろ台２丁目,2025-05-08,20,一戸建住宅,駐車（輪）場,キーなし,あり,乗用自動車
窃盗,自動車盗,高尾,並木町,132012,東京都,八王子市,並木町,2025-11-24,18,４階建て以上共同住宅,駐車（輪）場,キーなし,あり,乗用自動車
窃盗,自動車盗,多摩中央,桜ケ丘駅前,132241,東京都,多摩市,関戸１丁目,2025-03-18,18,その他,駐車（輪）場,キーなし,あり,乗用自動車
窃盗,自動車盗,多摩中央,矢野口,132250,東京都,稲城市,矢野口,2025-09-16,21,その他,駐車（輪）場,キーなし,なし,乗用自動車
窃盗,自動車盗,多摩中央,聖ケ丘,132241,東京都,多摩市,聖ケ丘４丁目,2025-01-26,20,一戸建住宅,その他,キーなし,あり,乗用自動車
窃盗,自動車盗,東大和,けやき通,132209,東京都,東大和市,清水４丁目,2025-12-01,20,４階建て以上共同住宅,駐車（輪）場,キーなし,あり,乗用自動車
窃盗,自動車盗,東大和,奈良橋,132209,東京都,東大和市,中央２丁目,2025-12-18,17,一戸建住宅,駐車（輪）場,キーあり,なし,貨物自動車
窃盗,自動車盗,東大和,村山,132233,東京都,武蔵村山市,大南２丁目,2025-12-09,18,４階建て以上共同住宅,駐車（輪）場,キーあり,なし,貨物自動車
窃盗,自動車盗,東大和,玉川上水駅前,132209,東京都,東大和市,桜が丘２丁目,2025-05-05,20,４階建て以上共同住宅,駐車（輪）場,キーなし,あり,乗用自動車
窃盗,自動車盗,青梅,今寺,132055,東京都,青梅市,谷野,2025-09-14,20,駐車（輪）場,駐車（輪）場,キーあり,なし,乗用自動車
窃盗,自動車盗,青梅,新町,132055,東京都,青梅市,新町１丁目,2025-04-11,23,その他の住宅（３階建て以下共同住宅等）,駐車（輪）場,キーなし,あり,乗用自動車
窃盗,自動車盗,青梅,新町,132055,東京都,青梅市,新町３丁目,2025-12-17,22,その他の住宅（３階建て以下共同住宅等）,駐車（輪）場,キーあり,なし,乗用自動車
窃盗,自動車盗,青梅,河辺駅前,132055,東京都,青梅市,河辺町６丁目,2025-12-17,19,一戸建住宅,駐車（輪）場,キーあり,なし,乗用自動車
窃盗,自動車盗,青梅,河辺駅前,132055,東京都,青梅市,河辺町１０丁目,2025-01-17,02,一戸建住宅,駐車（輪）場,キーなし,あり,乗用自動車
窃盗,自動車盗,五日市,伊奈,132284,東京都,あきる野市,横沢,2025-03-12,08,その他の住宅（３階建て以下共同住宅等）,駐車（輪）場,キーあり,あり,貨物自動車
窃盗,自動車盗,五日市,平井,133051,東京都,日の出町,大字平井,2025-01-25,21,その他,駐車（輪）場,キーあり,なし,乗用自動車
窃盗,自動車盗,五日市,平井,133051,東京都,日の出町,大字平井,2025-12-01,22,その他,駐車（輪）場,キーなし,なし,乗用自動車
窃盗,自動車盗,福生,中福生,132187,東京都,福生市,北田園２丁目,2025-01-13,23,一戸建住宅,駐車（輪）場,キーなし,あり,乗用自動車
窃盗,自動車盗,福生,横田,132187,東京都,福生市,大字福生,2025-09-11,01,４階建て以上共同住宅,駐車（輪）場,キーなし,なし,乗用自動車
窃盗,自動車盗,福生,福生駅前,132187,東京都,福生市,大字福生,2025-01-25,20,駐車（輪）場,駐車（輪）場,キーあり,あり,乗用自動車
窃盗,自動車盗,福生,箱根ケ崎,133035,東京都,瑞穂町,大字箱根ケ崎,2024-12-26,23,その他の住宅（３階建て以下共同住宅等）,駐車（輪）場,キーあり,あり,乗用自動車
窃盗,自動車盗,福生,長岡,133035,東京都,瑞穂町,大字長岡長谷部,2025-06-01,19,その他の住宅（３階建て以下共同住宅等）,その他,キーあり,なし,乗用自動車
窃盗,自動車盗,八王子,上川口,132012,東京都,八王子市,川口町,2025-09-18,10,その他,その他,キーあり,あり,乗用自動車
窃盗,自動車盗,八王子,上川口,132012,東京都,八王子市,美山町,2023-09-23,14,その他,その他,キーなし,なし,乗用自動車
窃盗,自動車盗,八王子,石川,132012,東京都,八王子市,左入町,2025-04-24,21,その他,その他,キーなし,あり,乗用自動車
窃盗,自動車盗,町田,つくし野駅前,132098,東京都,町田市,つくし野３丁目,2025-08-15,18,一戸建住宅,駐車（輪）場,キーなし,なし,乗用自動車
窃盗,自動車盗,町田,南町田グランベリーパ,132098,東京都,町田市,南町田２丁目,2025-08-22,04,一戸建住宅,駐車（輪）場,キーなし,あり,なし
窃盗,自動車盗,町田,原町田,132098,東京都,町田市,原町田２丁目,2025-08-26,16,駐車（輪）場,駐車（輪）場,キーなし,なし,乗用自動車
窃盗,自動車盗,町田,本町田,132098,東京都,町田市,本町田,2025-04-04,13,駐車（輪）場,駐車（輪）場,キーなし,あり,なし
窃盗,自動車盗,町田,野津田,132098,東京都,町田市,野津田町,2025-01-27,00,一戸建住宅,駐車（輪）場,キーなし,あり,乗用自動車
窃盗,自動車盗,町田,鶴間,132098,東京都,町田市,南町田３丁目,2025-06-21,17,駐車（輪）場,駐車（輪）場,キーあり,なし,乗用自動車
窃盗,自動車盗,昭島,多摩大橋,132071,東京都,昭島市,福島町２丁目,2025-11-25,23,道路上,その他,キーあり,なし,乗用自動車
窃盗,自動車盗,昭島,小荷田,132071,東京都,昭島市,緑町４丁目,2025-03-15,不明,４階建て以上共同住宅,駐車（輪）場,キーなし,なし,乗用自動車
窃盗,自動車盗,立川,立川駅南口,132021,東京都,立川市,柴崎町３丁目,2025-06-14,18,駐車（輪）場,駐車（輪）場,キーなし,なし,乗用自動車
窃盗,自動車盗,立川,谷保,132152,東京都,国立市,泉３丁目,2025-06-20,20,一戸建住宅,駐車（輪）場,キーなし,なし,乗用自動車
窃盗,自動車盗,立川,高松町,132021,東京都,立川市,栄町６丁目,2025-02-08,18,その他,駐車（輪）場,キーあり,なし,貨物自動車
窃盗,自動車盗,府中,南町,132063,東京都,府中市,南町１丁目,2025-08-15,15,一戸建住宅,駐車（輪）場,キーあり,なし,乗用自動車
窃盗,自動車盗,小金井,小金井公園前,132101,東京都,小金井市,緑町２丁目,2025-01-06,19,その他,駐車（輪）場,キーあり,なし,貨物自動車
窃盗,自動車盗,小金井,本多,132101,東京都,小金井市,貫井北町５丁目,2025-02-18,23,一戸建住宅,駐車（輪）場,キーなし,あり,乗用自動車
窃盗,自動車盗,田無,上の原,132225,東京都,東久留米市,神宝町２丁目,2025-03-26,23,一戸建住宅,駐車（輪）場,キーなし,なし,乗用自動車
窃盗,自動車盗,田無,下里,132225,東京都,東久留米市,下里２丁目,2025-03-15,12,駐車（輪）場,駐車（輪）場,キーなし,なし,乗用自動車
窃盗,自動車盗,田無,南沢,132225,東京都,東久留米市,本町２丁目,2025-03-04,20,駐車（輪）場,駐車（輪）場,キーなし,あり,乗用自動車
窃盗,自動車盗,田無,滝山,132225,東京都,東久留米市,滝山６丁目,2025-02-19,19,駐車（輪）場,駐車（輪）場,キーなし,なし,なし
窃盗,自動車盗,田無,滝山,132225,東京都,東久留米市,柳窪３丁目,2025-03-31,18,駐車（輪）場,駐車（輪）場,キーなし,なし,乗用自動車
窃盗,自動車盗,田無,野火止,132225,東京都,東久留米市,下里７丁目,2025-03-21,23,４階建て以上共同住宅,駐車（輪）場,キーなし,なし,乗用自動車
窃盗,自動車盗,東村山,下清戸,132217,東京都,清瀬市,下清戸１丁目,2025-03-23,15,その他の住宅（３階建て以下共同住宅等）,駐車（輪）場,キーなし,なし,乗用自動車
窃盗,自動車盗,東村山,下清戸,132217,東京都,清瀬市,中清戸５丁目,2025-03-25,17,その他,駐車（輪）場,キーなし,なし,乗用自動車
窃盗,自動車盗,東村山,中清戸,132217,東京都,清瀬市,中清戸３丁目,2025-03-26,19,一戸建住宅,駐車（輪）場,キーなし,あり,乗用自動車
窃盗,自動車盗,東村山,秋津三丁目,132136,東京都,東村山市,諏訪町１丁目,2025-11-10,22,駐車（輪）場,駐車（輪）場,キーなし,あり,乗用自動車
窃盗,自動車盗,東村山,竹丘,132217,東京都,清瀬市,竹丘２丁目,2025-11-27,21,４階建て以上共同住宅,駐車（輪）場,キーなし,なし,乗用自動車
窃盗,自動車盗,調布,京王多摩川駅前,132080,東京都,調布市,多摩川１丁目,2025-02-18,19,４階建て以上共同住宅,駐車（輪）場,キーあり,あり,なし
窃盗,自動車盗,調布,京王多摩川駅前,132080,東京都,調布市,多摩川１丁目,2025-02-19,07,４階建て以上共同住宅,駐車（輪）場,キーなし,あり,なし
窃盗,自動車盗,調布,京王多摩川駅前,132080,東京都,調布市,多摩川２丁目,2025-02-16,21,一戸建住宅,駐車（輪）場,キーあり,なし,なし
窃盗,自動車盗,調布,京王多摩川駅前,132080,東京都,調布市,多摩川３丁目,2025-03-18,23,一戸建住宅,駐車（輪）場,キーなし,あり,なし
窃盗,自動車盗,調布,和泉多摩川,132195,東京都,狛江市,元和泉２丁目,2025-04-27,20,一戸建住宅,駐車（輪）場,キーなし,なし,乗用自動車
窃盗,自動車盗,調布,小覚,132080,東京都,調布市,入間町１丁目,2025-05-04,22,駐車（輪）場,駐車（輪）場,キーあり,あり,乗用自動車
窃盗,自動車盗,調布,小覚,132195,東京都,狛江市,東野川４丁目,2025-02-18,13,その他,駐車（輪）場,キーなし,なし,乗用自動車
