name,nameEn,lat,lon,prefBboxes,stationCD
御徒町,Okachimachi,35.706953,139.77463,tokyo,
上野,Ueno,35.713413,139.776542,tokyo,
鶯谷,Uguisudani,35.721703,139.777917,tokyo,
日暮里,Nippori,35.72815,139.770658,tokyo,
西日暮里,Nishi-Nippori,35.732202,139.766668,tokyo,
田端,Tabata,35.737372,139.761707,tokyo,
駒込,Komagome,35.736585,139.747241,tokyo,
巣鴨,Sugamo,35.733412,139.739427,tokyo,
大塚,Otsuka,35.731685,139.728588,tokyo,
新大久保,Shin-Ōkubo,35.701301,139.700242,tokyo,
三河島,Mikawashima,35.733343,139.777392,tokyo,
大崎,Osaki,35.61939,139.728487,tokyo|kanagawa,
渋谷,Shibuya,35.65808,139.701765,tokyo|kanagawa,
蕨,Warabi,35.828123,139.69038,tokyo,
西国立,Nishi-Kunitachi,35.693473,139.424056,tokyo,
登戸,Noborito,35.620819,139.570006,tokyo|kanagawa,
府中本町,Fuchu-Hommachi,35.666105,139.477104,tokyo,
十日市場,Tokaichiba,35.526306,139.516592,tokyo|kanagawa,
八王子みなみ野,Hachiojiminamino,35.631256,139.330934,tokyo|kanagawa,
片倉,Katakura,35.639801,139.341434,tokyo|kanagawa,
相原,Aihara,35.606844,139.331689,tokyo|kanagawa,
上溝,Kamimizo,35.557745,139.363182,tokyo|kanagawa,
番田,Banda,35.545389,139.36298,tokyo|kanagawa,
五反田,Gotanda,35.626256,139.72363,tokyo|kanagawa,
目白,Mejiro,35.721192,139.706465,tokyo,
西府,Nishifu,35.670963,139.4574,tokyo,
淵野辺,Fuchinobe,35.568732,139.39482,tokyo|kanagawa,
相模原,Sagamihara,35.581455,139.37074,tokyo|kanagawa,
古淵,Kobuchi,35.555951,139.419314,tokyo|kanagawa,
矢部,Yabe,35.573099,139.386759,tokyo|kanagawa,
亀戸,Kameido,35.697325,139.826717,tokyo|chiba,
南千住,Minami-Senju,35.733302,139.799014,tokyo,
北戸田,Kita-Toda,35.827653,139.660111,tokyo,
戸田,Toda,35.817699,139.669597,tokyo,
浮間舟渡,Ukimafunado,35.79118,139.69151,tokyo,
北赤羽,Kita-Akabane,35.786781,139.706029,tokyo,
新川崎,Shin-Kawasaki,35.551461,139.671837,tokyo|kanagawa,
新座,Niiza,35.803734,139.5562,tokyo,
東京,Tōkyō,35.681255,139.766706,tokyo,1039
赤羽,Akabane,35.778139,139.7208,tokyo,
小岩,Koiwa,35.733236,139.881843,tokyo|chiba,
尻手,Shitte,35.531075,139.684269,tokyo|kanagawa,
新宿,Shinjuku,35.690262,139.700514,tokyo,866
恵比寿,Ebisu,35.646441,139.710208,tokyo|kanagawa,
浜松町,Hamamatsucho,35.655111,139.757062,tokyo|kanagawa,
池袋,Ikebukuro,35.730185,139.711151,tokyo,108
神田,Kanda,35.691794,139.770911,tokyo,
高円寺,Kōenji,35.705542,139.649965,tokyo,
目黒,Meguro,35.634067,139.715733,tokyo|kanagawa,
荻窪,Ogikubo,35.70448,139.620159,tokyo,
両国,Ryogoku,35.6958,139.79296,tokyo,
千駄ケ谷,Sendagaya,35.681266,139.711331,tokyo,
水道橋,Suidobashi,35.702042,139.753636,tokyo,
代々木,Yoyogi,35.683951,139.702081,tokyo,
有楽町,Yurakucho,35.67496,139.763048,tokyo,
阿佐ケ谷,Asagaya,35.70484,139.635472,tokyo,
八王子,Hachioji,35.655389,139.339467,tokyo|kanagawa,
東小金井,Higashi-Koganei,35.701541,139.524056,tokyo,
日野,Hino,35.679389,139.393846,tokyo,
吉祥寺,Kichijoji,35.703141,139.580308,tokyo,
国分寺,Kokubunji,35.7001,139.480358,tokyo,
国立,Kunitachi,35.699241,139.446531,tokyo,
三鷹,Mitaka,35.702715,139.560901,tokyo,
武蔵小金井,Musashi-Koganei,35.701126,139.506787,tokyo,
武蔵境,Musashi-Sakai,35.70213,139.54408,tokyo,
中野,Nakano,35.70583,139.665633,tokyo,
西国分寺,Nishi-Kokubunji,35.699748,139.466082,tokyo,
西荻窪,Nishi-Ogikubo,35.703733,139.599605,tokyo,
西八王子,Nishi-Hachioji,35.656523,139.312416,tokyo|kanagawa,
御茶ノ水,Ochanomizu,35.69961,139.764949,tokyo,
立川,Tachikawa,35.697982,139.413551,tokyo,
高田馬場,Takadanobaba,35.712684,139.703643,tokyo,
豊田,Toyoda,35.659515,139.381485,tokyo|kanagawa,
新浦安,Shin-Urayasu,35.649534,139.912495,tokyo|chiba,
舞浜,Maihama,35.636259,139.883606,tokyo|chiba,
東十条,Higashi-Jūjō,35.763848,139.726875,tokyo,
川口,Kawaguchi,35.801926,139.717512,tokyo,
板橋,Itabashi,35.745396,139.71951,tokyo,
市川塩浜,Ichikawa-Shiohama,35.666636,139.923649,tokyo|chiba,
潮見,Shiomi,35.658924,139.817197,tokyo|chiba,
越中島,Etchūjima,35.667906,139.792609,tokyo,
津田山,Tsudayama,35.603882,139.600457,tokyo|kanagawa,
町田,Machida,35.542072,139.445436,tokyo|kanagawa,
北松戸,Kita-Matsudo,35.80061,139.911734,tokyo,
新松戸,Shin-Matsudo,35.825373,139.921129,tokyo,
松戸,Matsudo,35.784437,139.900608,tokyo|chiba,
馬橋,Mabashi,35.811633,139.917308,tokyo,
成瀬,Naruse,35.535388,139.472847,tokyo|kanagawa,
長津田,Nagatsuta,35.531704,139.495253,tokyo|kanagawa,
蒲田,Kamata,35.562015,139.715819,tokyo|kanagawa,
上中里,Kami-Nakazato,35.746579,139.74698,tokyo,
川崎,Kawasaki,35.531404,139.696893,tokyo|kanagawa,
西川口,Nishi-Kawaguchi,35.815583,139.704482,tokyo,
大井町,Ōimachi,35.606381,139.73489,tokyo|kanagawa,
王子,Ōji,35.752347,139.738275,tokyo,
大森,Ōmori,35.588473,139.727933,tokyo|kanagawa,
拝島,Haijima,35.721133,139.343626,tokyo,
戸田公園,Todakoen,35.807909,139.678195,tokyo,
西大井,Nishi-Ōi,35.601866,139.721671,tokyo|kanagawa,
尾久,Oku,35.746909,139.75366,tokyo,
田町,Tamachi,35.645736,139.747683,tokyo|kanagawa,
新木場,Shin-Kiba,35.646153,139.827406,tokyo|chiba,
橋本,Hashimoto,35.594869,139.344912,tokyo|kanagawa,
新橋,Shimbashi,35.666169,139.758221,tokyo,
品川,Shinagawa,35.628697,139.739129,tokyo|kanagawa,
西立川,Nishi-Tachikawa,35.703528,139.393634,tokyo,
久地,Kuji,35.610598,139.592502,tokyo|kanagawa,
金町,Kanamachi,35.769584,139.870693,tokyo|chiba,
稲城長沼,Inagi-Naganuma,35.644457,139.502202,tokyo|kanagawa,
南多摩,Minami-Tama,35.649281,139.489898,tokyo|kanagawa,
北千住,Kita-Senju,35.748916,139.804754,tokyo|chiba,
八丁堀,Hatchōbori,35.674624,139.777657,tokyo,
矢向,Yako,35.539182,139.680512,tokyo|kanagawa,
鹿島田,Kashimada,35.551547,139.675013,tokyo|kanagawa,
平間,Hirama,35.560975,139.670934,tokyo|kanagawa,
向河原,Mukaigawara,35.572958,139.667219,tokyo|kanagawa,
武蔵小杉,Musashi-Kosugi,35.576624,139.660717,tokyo|kanagawa,
分倍河原,Bubaigawara,35.668447,139.468995,tokyo,
中野島,Nakanoshima,35.630115,139.550683,tokyo|kanagawa,
秋葉原,Akihabara,35.698361,139.773122,tokyo,
原宿,Harajuku,35.670215,139.702427,tokyo,
十条,Jūjō,35.760008,139.722307,tokyo,
亀有,Kameari,35.766665,139.847801,tokyo|chiba,
北朝霞,Kita-Asaka,35.815317,139.586997,tokyo,
新秋津,Shin-Akitsu,35.777873,139.493386,tokyo,
高輪ゲートウェイ,Takanawa Gateway,35.635399,139.740664,tokyo|kanagawa,
東中野,Higashi-Nakano,35.70625,139.684867,tokyo,
宿河原,Shukugawara,35.615337,139.579765,tokyo|kanagawa,
武蔵溝ノ口,Musashi-Mizonokuchi,35.599008,139.611241,tokyo|kanagawa,
谷保,Yaho,35.681353,139.446875,tokyo,
矢川,Yagawa,35.685092,139.4315,tokyo,
矢野口,Yanokuchi,35.641659,139.520527,tokyo|kanagawa,
稲田堤,Inadazutsumi,35.633512,139.53547,tokyo|kanagawa,
武蔵新城,Musashi-Shinjo,35.587157,139.629848,tokyo|kanagawa,
武蔵中原,Musashi-Nakahara,35.580908,139.64176,tokyo|kanagawa,
新小平,Shin-Kodaira,35.730841,139.470549,tokyo,
八丁畷,Hatchonawate,35.523015,139.691728,tokyo|kanagawa,
本八幡,Moto-Yawata,35.720927,139.927206,tokyo|chiba,
市川,Ichikawa,35.728874,139.908173,tokyo|chiba,
新小岩,Shin-Koiwa,35.716984,139.858071,tokyo|chiba,
平井,Hirai,35.706421,139.8425,tokyo|chiba,
錦糸町,Kinshicho,35.696749,139.813956,tokyo|chiba,
浅草橋,Asakusabashi,35.697402,139.784686,tokyo,
信濃町,Shinanomachi,35.680024,139.720495,tokyo,
大久保,Okubo,35.700778,139.697318,tokyo,
東所沢,Higashi-Tokorozawa,35.794596,139.513758,tokyo,
北府中,Kita-Fuchu,35.680766,139.471755,tokyo,
新日本橋,Shin-Nihombashi,35.689,139.774194,tokyo,
馬喰町,Bakurochō,35.693369,139.782427,tokyo,
南橋本,Minami-Hashimoto,35.580166,139.352557,tokyo|kanagawa,
東京,Tokyo,35.681141,139.767455,tokyo,1039
大田,,35.557487,139.713691,tokyo|kanagawa,
志茂田,,35.556579,139.712004,tokyo|kanagawa,
東京,Tokyo,35.677678,139.765101,tokyo,1039
武蔵小杉,Musashi-Kosugi,35.574115,139.663613,tokyo|kanagawa,
北浦和,Kita-Urawa,35.872155,139.646106,saitama,
与野,Yono,35.884398,139.639152,saitama,
さいたま新都心,Saitama-Shintoshin,35.893637,139.633948,saitama,
大宮,Omiya,35.906387,139.62433,saitama,
小川町,Ogawamachi,36.058938,139.26094,saitama,
大宮,Omiya,35.90784,139.62232,saitama,
北上尾,Kita-Ageo,35.985614,139.577155,saitama,
西大宮,Nishi-Omiya,35.92231,139.579813,saitama,
中浦和,Naka-Urawa,35.853525,139.637722,saitama,
南与野,Minami-Yono,35.867886,139.631039,saitama,
南浦和,Minami-Urawa,35.847732,139.669144,saitama,
与野本町,Yono-Hommachi,35.881202,139.62602,saitama,
東川口,Higashi-Kawaguchi,35.875271,139.744371,saitama,
浦和,Urawa,35.858988,139.657188,saitama,
上尾,Ageo,35.973327,139.588472,saitama,
吹上,Fukiage,36.103202,139.452976,saitama,
籠原,Kagohara,36.174667,139.330512,saitama,
北鴻巣,Kita-Konosu,36.085526,139.476995,saitama,
北本,Kitamoto,36.03164,139.533981,saitama,
鴻巣,Konosu,36.059259,139.509688,saitama,
熊谷,Kumagaya,36.139072,139.390035,saitama,
宮原,Miyahara,35.9403,139.609546,saitama,
桶川,Okegawa,35.998737,139.564021,saitama,
久喜,Kuki,36.065614,139.677525,saitama,
新白岡,Shin-Shiraoka,36.03866,139.672089,saitama,
北与野,Kita-Yono,35.890498,139.628505,saitama,
南古谷,Minami-Furuya,35.903254,139.519443,saitama,
武蔵浦和,Musashi-Urawa,35.845969,139.647066,saitama,
越生,Ogose,35.962406,139.299447,saitama,
本庄早稲田,Honjō-Waseda,36.218861,139.179485,saitama,
南越谷,Minami-Koshigaya,35.876053,139.791058,saitama,
川越,Kawagoe,35.90699,139.482954,saitama,
東飯能,Higashi-Hannō,35.85323,139.326077,saitama,
南流山,Minami-Nagareyama,35.837764,139.904257,saitama,
三郷,Misato,35.845037,139.885779,saitama,
新三郷,Shim-Misato,35.858801,139.869226,saitama,
吉川美南,Yoshikawa-Minami,35.868067,139.858081,saitama,
西浦和,Nishi-Urawa,35.844206,139.62792,saitama,
東浦和,Higashi-Urawa,35.864081,139.704507,saitama,
越谷レイクタウン,Koshigaya-Laketown,35.876217,139.822401,saitama,
吉川,Yoshikawa,35.876578,139.843505,saitama,
指扇,Sashiogi,35.917143,139.565051,saitama,
日進,Nisshin,35.931556,139.606144,saitama,
大宮,Omiya,35.906149,139.623152,saitama,
新子安,Shin-Koyasu,35.486875,139.654164,kanagawa,
川崎新町,Kawasaki-Shimmachi,35.518257,139.699182,kanagawa,
浜川崎,Hama-Kawasaki,35.510325,139.713756,kanagawa,
鴨居,Kamoi,35.510947,139.567054,kanagawa,
中山,Nakayama,35.514697,139.539533,kanagawa,
大口,Oguchi,35.492377,139.646287,kanagawa,
小机,Kozukue,35.508693,139.599718,kanagawa,
東神奈川,Higashi-Kanagawa,35.477943,139.633327,kanagawa,
入谷,Iriya,35.478668,139.391775,kanagawa,
相武台下,Sobudaishita,35.493183,139.386219,kanagawa,
下溝,Shimomizo,35.518144,139.380493,kanagawa,
浜川崎,Hama-Kawasaki,35.509928,139.713861,kanagawa,
鶴見,Tsurumi,35.508339,139.675976,kanagawa,
菊名,Kikuna,35.509686,139.630273,kanagawa,
高尾,Takao,35.642343,139.282662,kanagawa,
小田栄,Odasakae,35.514207,139.705298,kanagawa,
藤野,Fujino,35.615885,139.152444,kanagawa,
上野原,Uenohara,35.618893,139.116046,kanagawa,
四方津,Shiotsu,35.614161,139.073159,kanagawa,
相模湖,Sagamiko,35.617398,139.188492,kanagawa,
羽沢横浜国大,Hazawa yokohama-kokudai,35.481201,139.586115,kanagawa,
昭和,Showa,35.506469,139.724051,kanagawa,
浅野,Asano,35.497434,139.695704,kanagawa,
安善,Anzen,35.499648,139.700887,kanagawa,
武蔵白石,Musashi-Shiraishi,35.501812,139.706292,kanagawa,
扇町,Ogimachi,35.501275,139.722235,kanagawa,
海芝浦,Umi-Shibaura,35.485904,139.700285,kanagawa,
鶴見小野,Tsurumiono,35.497295,139.680911,kanagawa,
大川,Okawa,35.495495,139.711124,kanagawa,
新芝浦,Shin-Shibaura,35.491954,139.700025,kanagawa,
弁天橋,Bentembashi,35.495739,139.689389,kanagawa,
国道,Kokudo,35.500977,139.675399,kanagawa,
小田栄,Odasakae,35.514619,139.704867,kanagawa,
西船橋,Nishi-Funabashi,35.707479,139.959102,chiba,
東船橋,Higashi-Funabashi,35.699773,140.00429,chiba,
旭,Asahi,35.721822,140.655092,chiba,
千葉,Chiba,35.613734,140.112533,chiba,
銚子,Chōshi,35.729412,140.827314,chiba,
榎戸,Enokido,35.683777,140.288477,chiba,
船橋,Funabashi,35.701657,139.98525,chiba,
東千葉,Higashi-Chiba,35.616834,140.122131,chiba,
干潟,Higata,35.718295,140.602861,chiba,
日向,Hyuga,35.628354,140.362772,chiba,
飯倉,Igura,35.685677,140.522441,chiba,
飯岡,Iioka,35.729327,140.683679,chiba,
倉橋,Kurahashi,35.738071,140.714446,chiba,
松岸,Matsugishi,35.739558,140.795258,chiba,
松尾,Matsuo,35.636016,140.457661,chiba,
南酒々井,Minami-Shisui,35.704409,140.268163,chiba,
物井,Monoi,35.685674,140.200294,chiba,
成田,Narita,35.777916,140.314045,chiba,
成東,Naruto,35.608453,140.410814,chiba,
佐倉,Sakura,35.709649,140.226103,chiba,
猿田,Saruda,35.747318,140.737426,chiba,
酒々井,Shisui,35.731812,140.275324,chiba,
八街,Yachimata,35.663078,140.317746,chiba,
八日市場,Yokaichiba,35.699226,140.552094,chiba,
横芝,Yokoshiba,35.661863,140.491109,chiba,
四街道,Yotsukaido,35.663027,140.1656,chiba,
五井,Goi,35.513096,140.089562,chiba,
八幡宿,Yawatajuku,35.536263,140.120144,chiba,
土気,Toke,35.530867,140.269779,chiba,
大網,Oami,35.52283,140.311,chiba,
姉ケ崎,Anegasaki,35.478599,140.042172,chiba,
本千葉,Hon-Chiba,35.601121,140.12102,chiba,
本納,Honno,35.482124,140.307407,chiba,
東金,Togane,35.560277,140.363614,chiba,
永田,Nagata,35.503371,140.31107,chiba,
求名,Gumyo,35.57991,140.396273,chiba,
浜野,Hamano,35.552028,140.13211,chiba,
福俵,Fukutawara,35.545942,140.341486,chiba,
蘇我,Soga,35.581373,140.131157,chiba,
誉田,Honda,35.547011,140.21387,chiba,
長浦,Nagaura,35.450489,139.995619,chiba,
二俣新町,Futamata-Shinmachi,35.691381,139.959533,chiba,
千葉みなと,Chiba-Minato,35.606889,140.102697,chiba,
稲毛海岸,Inage-Kaigan,35.629492,140.073565,chiba,
海浜幕張,Kaihin-Makuhari,35.648423,140.041921,chiba,
検見川浜,Kemigawahama,35.637207,140.059077,chiba,
南船橋,Minami-Funabashi,35.681976,139.995543,chiba,
新習志野,Shin-Narashino,35.66735,140.012879,chiba,
成田空港,Narita Airport Terminal 1,35.765099,140.385943,chiba,
空港第2ビル,Narita Airport Terminal 2·3,35.773258,140.387352,chiba,
幕張,Makuhari,35.659323,140.057986,chiba,
幕張本郷,Makuhari-Hongo,35.672696,140.042295,chiba,
津田沼,Tsudanuma,35.691389,140.02019,chiba,
下総中山,Shimosa-Nakayama,35.714304,139.943078,chiba,
新検見川,Shin-Kemigawa,35.651784,140.073098,chiba,
稲毛,Inage,35.637085,140.092567,chiba,
西千葉,Nishi-Chiba,35.622727,140.103125,chiba,
船橋法典,Funabashi-Hoten,35.730874,139.96657,chiba,
市川大野,Ichikawa-Ono,35.755385,139.951271,chiba,
東松戸,Higashi-Matsudo,35.77025,139.944003,chiba,
新八柱,Shin-Yahashira,35.791951,139.938384,chiba,
幕張豊砂,Makuharitoyosuna,35.658217,140.026842,chiba,
東逗子,Higashi-Zushi,35.298842,139.601407,kanagawa,
鎌倉,Kamakura,35.319119,139.550429,kanagawa,
東戸塚,Higashi-Totsuka,35.430361,139.556762,kanagawa,
鴨宮,Kamonomiya,35.275738,139.180244,kanagawa,
茅ヶ崎,Chigasaki,35.330624,139.407461,kanagawa,
保土ヶ谷,Hodogaya,35.446689,139.599702,kanagawa,
厚木,Atsugi,35.443389,139.378389,kanagawa,
逗子,Zushi,35.297632,139.578866,kanagawa,
山手,Yamate,35.427203,139.646284,kanagawa,
新杉田,Shin-Sugita,35.386554,139.619574,kanagawa,
本郷台,Hongodai,35.367437,139.5503,kanagawa,
根岸,Negishi,35.415657,139.63505,kanagawa,
洋光台,Yokodai,35.378698,139.596465,kanagawa,
港南台,Konandai,35.375295,139.576696,kanagawa,
磯子,Isogo,35.400137,139.618158,kanagawa,
藤沢,Fujisawa,35.338819,139.487215,kanagawa,
平塚,Hiratsuka,35.32741,139.349232,kanagawa,
大磯,Ōiso,35.311303,139.313382,kanagawa,
石川町,Ishikawacho,35.439226,139.642747,kanagawa,
関内,Kannai,35.444082,139.636036,kanagawa,
久里浜,Kurihama,35.233138,139.701349,kanagawa,
田浦,Taura,35.292803,139.636946,kanagawa,
横須賀,Yokosuka,35.284095,139.655981,kanagawa,
衣笠,Kinugasa,35.257378,139.661315,kanagawa,
北鎌倉,Kita-Kamakura,35.337313,139.545264,kanagawa,
小田原,Odawara,35.256109,139.155782,kanagawa,
三門,Mikado,35.28239,140.391606,chiba,
上総一ノ宮,Kazusa-Ichinomiya,35.373679,140.365021,chiba,
上総清川,Kazusa-Kiyokawa,35.390949,139.96554,chiba,
上総湊,Kazusa-Minato,35.222284,139.87126,chiba,
上総興津,Kazusa-Okitsu,35.137241,140.250935,chiba,
九重,Kokonoe,34.997681,139.911091,chiba,
佐貫町,Sanukimachi,35.260623,139.876075,chiba,
保田,Hota,35.141061,139.838344,chiba,
八積,Yatsumi,35.403732,140.345609,chiba,
勝浦,Katsuura,35.153098,140.31288,chiba,
千倉,Chikura,34.976716,139.954679,chiba,
千歳,Chitose,34.99165,139.966465,chiba,
南三原,Minamihara,35.021074,139.979226,chiba,
君津,Kimitsu,35.33363,139.895505,chiba,
和田浦,Wadaura,35.041815,140.019492,chiba,
大原,Ohara,35.250859,140.390988,chiba,
大貫,Onuki,35.291081,139.855605,chiba,
太東,Taito,35.319948,140.381082,chiba,
太海,Futomi,35.08183,140.09626,chiba,
安房天津,Awa-Amatsu,35.125578,140.154458,chiba,
安房小湊,Awa-Kominato,35.128689,140.190318,chiba,
富浦,Tomiura,35.045262,139.837798,chiba,
岩井,Iwai,35.092635,139.849634,chiba,
巌根,Iwane,35.414408,139.933518,chiba,
御宿,Onjuku,35.187714,140.351488,chiba,
新茂原,Shin-Mobara,35.449569,140.299985,chiba,
木更津,Kisarazu,35.381607,139.926243,chiba,
東浪見,Torami,35.347168,140.376699,chiba,
東清川,Higashi-Kiyokawa,35.390016,139.985803,chiba,
横田,Yokota,35.386109,140.020341,chiba,
江見,Emi,35.062414,140.061387,chiba,
浜金谷,Hama-Kanaya,35.168137,139.822379,chiba,
浪花,Namihana,35.222702,140.379432,chiba,
祇園,Gion,35.391524,139.948304,chiba,
竹岡,Takeoka,35.197667,139.829852,chiba,
茂原,Mobara,35.426922,140.303875,chiba,
行川アイランド,Namegawa-Island,35.118256,140.225936,chiba,
袖ケ浦,Sodegaura,35.432168,139.957802,chiba,
那古船形,Nako-Funakata,35.028476,139.851562,chiba,
長者町,Chojamachi,35.295885,140.385037,chiba,
青堀,Aohori,35.33032,139.85829,chiba,
館山,Tateyama,34.995921,139.861891,chiba,
鵜原,Ubara,35.140844,140.278467,chiba,
久留里,Kururi,35.295846,140.07575,chiba,
安房鴨川,Awa-Kamogawa,35.107664,140.103701,chiba,
