station_name,osmId,lat,lng,isJrEast,collected,restaurantCount,cafeCount,parkCount
日暮里,172670767,35.72838,139.770982,0,1,82,36,25
御徒町,236578383,35.706953,139.77463,1,1,758,233,16
上野,236578444,35.713413,139.776542,1,1,474,107,12
鶯谷,236578577,35.721703,139.777917,1,1,81,34,16
西日暮里,236578741,35.732202,139.766668,1,1,83,30,25
田端,236578838,35.737372,139.761707,1,1,60,9,22
駒込,236579053,35.736585,139.747241,1,1,141,30,67
巣鴨,236579126,35.733412,139.739427,1,1,105,28,46
大塚,236579274,35.731685,139.728588,1,1,85,20,34
新大久保,236579696,35.701301,139.700242,1,1,278,32,26
三河島,240510683,35.733343,139.777392,1,1,66,13,29
大崎,241815384,35.61939,139.728487,1,0,,,
渋谷,241896099,35.65808,139.701765,1,1,449,161,34
朝霞,243887260,35.79703,139.600224,0,0,,,
中目黒,243887391,35.64414,139.698832,0,1,99,44,18
蕨,244878145,35.828123,139.69038,1,0,,,
門前仲町,251465504,35.672288,139.795067,0,1,48,15,74
恵比寿,262449251,35.646974,139.708646,0,1,142,69,41
相模大野,264240113,35.532171,139.437887,0,0,,,
西国立,264813299,35.693473,139.424056,1,0,,,
登戸,264813889,35.620819,139.570006,1,0,,,
府中本町,264813956,35.666105,139.477104,1,0,,,
青葉台,266084129,35.542878,139.517231,0,0,,,
梶が谷,266084310,35.593651,139.605479,0,0,,,
江田,266084537,35.558575,139.551454,0,0,,,
溝の口,266084776,35.599925,139.610511,0,0,,,
目黒,266085875,35.632508,139.715772,0,1,83,19,42
十日市場,280475163,35.526306,139.516592,1,0,,,
八王子みなみ野,280475835,35.631256,139.330934,1,0,,,
片倉,280475844,35.639801,139.341434,1,0,,,
相原,280476769,35.606844,139.331689,1,0,,,
京王永山,280623187,35.630258,139.448356,0,0,,,
調布,280623691,35.651777,139.544806,0,0,,,
玉川上水,280630323,35.732237,139.417873,0,0,,,
高幡不動,280630702,35.66128,139.415149,0,0,,,
立川北,280630995,35.699417,139.412495,0,0,,,
唐木田,280653191,35.615847,139.411132,0,0,,,
成城学園前,281365074,35.639944,139.598443,0,0,,,
生田,281365135,35.614991,139.541932,0,0,,,
鶴川,281365138,35.583105,139.481602,0,0,,,
百合ヶ丘,281365143,35.609023,139.516074,0,0,,,
柿生,281365561,35.589611,139.497584,0,0,,,
玉川学園前,281366404,35.563649,139.463527,0,0,,,
梅ヶ丘,281366410,35.656175,139.654127,0,1,45,21,11
祖師ヶ谷大蔵,281366428,35.64328,139.609747,0,0,,,
読売ランド前,281366436,35.614778,139.527888,0,0,,,
代々木八幡,281366568,35.669621,139.68884,0,1,54,25,9
経堂,281366584,35.651279,139.636679,0,0,,,
千歳船橋,281366586,35.647399,139.623821,0,0,,,
狛江,281366638,35.632315,139.577424,0,0,,,
向ヶ丘遊園,281366650,35.617208,139.564547,0,0,,,
代々木上原,281366963,35.669008,139.679788,0,1,45,18,22
豪徳寺,281366971,35.653543,139.646851,0,1,43,18,6
西調布,281417535,35.657063,139.530194,0,0,,,
新線新宿,281417661,35.688603,139.699177,0,1,459,148,11
武蔵野台,281417843,35.664228,139.510961,0,0,,,
飛田給,281417962,35.660252,139.523231,0,0,,,
めじろ台,281459052,35.643403,139.30772,0,0,,,
山田,281459064,35.644415,139.321178,0,0,,,
京王片倉,281459067,35.64435,139.337074,0,0,,,
上溝,281469591,35.557745,139.363182,1,0,,,
番田,281469983,35.545389,139.36298,1,0,,,
箱根ヶ崎,298329478,35.771345,139.346742,0,0,,,
北八王子,298329480,35.669356,139.363423,0,0,,,
金子,298330837,35.811088,139.328656,0,0,,,
小宮,298330909,35.685571,139.368829,0,0,,,
東福生,298330916,35.745742,139.335952,0,0,,,
昭島,305545683,35.71357,139.360894,0,0,,,
恩田,307882453,35.54559,139.492129,0,0,,,
谷塚,308839760,35.814212,139.801133,0,0,,,
牛田,308840568,35.744663,139.812136,0,0,,,
多摩センター,311094336,35.623939,139.422873,0,0,,,
是政,412187550,35.656312,139.489321,0,0,,,
五反田,427973657,35.626256,139.72363,1,0,,,
若松河田,475369200,35.699285,139.718408,0,1,49,10,9
秋津,664579528,35.778532,139.496609,0,0,,,
石神井公園,664579530,35.743827,139.606157,0,0,,,
富士見台,664579533,35.735952,139.630004,0,0,,,
練馬高野台,664579534,35.740921,139.616305,0,0,,,
椎名町,664579553,35.726448,139.694892,0,1,24,7,15
池袋,664579562,35.728092,139.711037,0,1,243,110,20
大倉山,694234836,35.52186,139.629859,0,0,,,
見沼代親水公園,722149242,35.814493,139.770728,0,0,,,
北千住,760985649,35.74954,139.805092,0,1,100,24,23
京成金町,769422102,35.768628,139.870472,0,0,,,
本郷三丁目,789405355,35.706639,139.759963,0,1,216,71,18
目白,832289046,35.721192,139.706465,1,1,54,24,22
ウエスタンリバー鉄道,859663338,35.633719,139.882385,0,0,,,
ポートディスカバリー・ステーション,859682633,35.625393,139.883097,0,0,,,
アメリカンウォーターフロント・ステーション,859682692,35.624863,139.887795,0,0,,,
西府,906705739,35.670963,139.4574,1,0,,,
王子神谷,1078841212,35.765055,139.735718,0,1,46,6,24
淵野辺,1135519511,35.568732,139.39482,1,0,,,
相模原,1135519820,35.581455,139.37074,1,0,,,
古淵,1135521236,35.555951,139.419314,1,0,,,
矢部,1135522062,35.573099,139.386759,1,0,,,
亀戸,1152742616,35.697325,139.826717,1,0,,,
二子玉川,1252108021,35.61179,139.6268,0,0,,,
南千住,1314411833,35.733302,139.799014,1,1,52,11,25
西武球場前,1424084428,35.770451,139.419782,0,0,,,
東大前,1456006005,35.717337,139.758177,0,1,123,45,14
北戸田,1503979841,35.827653,139.660111,1,0,,,
戸田,1503979844,35.817699,139.669597,1,0,,,
浮間舟渡,1640176211,35.79118,139.69151,1,0,,,
北赤羽,1646881158,35.786781,139.706029,1,0,,,
三ノ輪橋,1895223197,35.732121,139.791575,0,1,59,11,27
荒川一中前,1895223210,35.733717,139.78893,0,1,58,7,36
荒川二丁目,1895223231,35.738684,139.784664,0,1,46,10,37
荒川区役所前,1895223270,35.734922,139.786458,0,1,45,9,38
町屋駅前,1895738589,35.742778,139.780959,0,1,49,9,40
栄町,1901864569,35.750914,139.742254,0,1,81,15,34
梶原,1901864575,35.751077,139.747847,0,1,32,4,30
滝野川一丁目,1901864580,35.747306,139.735399,0,1,27,12,37
飛鳥山,1901864597,35.750178,139.7374,0,1,48,12,37
妙典,1923723997,35.69109,139.924407,0,0,,,
西葛西,1923746848,35.66458,139.859317,0,0,,,
行徳,1923746849,35.682882,139.914506,0,0,,,
南砂町,1923746850,35.668345,139.831864,0,0,,,
南行徳,1923746852,35.672732,139.902279,0,0,,,
東陽町,1923746858,35.669596,139.817476,0,0,,,
葛西,1923746881,35.663628,139.872692,0,0,,,
浦安,1923746886,35.665844,139.893013,0,0,,,
木場,1923761823,35.669416,139.806545,0,0,,,
大手町,1923768928,35.684609,139.766461,0,1,233,91,30
京成八幡,1925585850,35.723912,139.928044,0,0,,,
新宿,1926277346,35.692227,139.700601,0,1,548,151,8
人形町,1926355396,35.68628,139.782188,0,1,199,81,18
東銀座,1926355402,35.669684,139.766948,0,1,442,134,22
築地,1926355405,35.668085,139.772592,0,1,228,69,27
千川,1926376076,35.738324,139.689366,0,1,8,0,16
東池袋,1926376079,35.725621,139.719386,0,1,150,66,30
永田町,1926376081,35.677946,139.741578,0,1,344,58,35
要町,1926376084,35.733241,139.698684,0,1,27,9,14
新富町,1926417053,35.670634,139.77342,0,1,282,88,31
月島,1926417056,35.664169,139.784479,0,1,58,9,45
茗荷谷,1926700041,35.71719,139.73694,0,1,26,8,30
三越前,1926703932,35.684952,139.773074,0,1,243,109,23
大門,1926726026,35.656926,139.75471,0,1,117,33,22
新川崎,1927385340,35.551461,139.671837,1,0,,,
大塚駅前,1931878067,35.731448,139.72926,0,1,84,23,31
葛西臨海公園,1947656218,35.644407,139.861599,0,0,,,
落合,1950328487,35.710664,139.685913,0,1,98,17,37
東新宿,1951953898,35.698933,139.707695,0,1,207,40,10
雑司が谷,1951959623,35.720247,139.714778,0,1,46,21,19
六町,1956007334,35.784856,139.821868,0,0,,,
青井,1956007338,35.771744,139.82031,0,0,,,
白金台,2012000223,35.638103,139.726565,0,0,,,
戸越銀座,2099275526,35.616206,139.715077,0,1,52,10,28
新座,2106545423,35.803734,139.5562,1,0,,,
東京,2149761647,35.681255,139.766706,1,1,233,103,21
白金高輪,2179133140,35.642953,139.734168,0,0,,,
羽田空港第1ターミナル,2206530973,35.549158,139.784553,0,0,,,
羽田空港第2ターミナル,2206531138,35.550821,139.788266,0,0,,,
新整備場,2206531158,35.542821,139.786834,0,0,,,
下北沢,2217212323,35.661136,139.666822,0,1,106,57,18
東北沢,2217212325,35.665129,139.672498,0,1,96,45,27
赤羽,2230287460,35.778139,139.7208,1,0,,,
小岩,2250286185,35.733236,139.881843,1,0,,,
大泉学園,2330644212,35.749505,139.586522,0,0,,,
尻手,2341274088,35.531075,139.684269,1,0,,,
新宿西口,2389826102,35.693137,139.699176,0,1,549,150,9
牛込柳町,2389826186,35.699456,139.725574,0,1,58,16,18
牛込神楽坂,2389826225,35.700914,139.73595,0,1,261,66,14
京成上野,2407466991,35.710941,139.773504,0,1,623,150,20
新百合ヶ丘,2461068499,35.603867,139.507684,0,0,,,
町田,2466240758,35.544046,139.445125,0,0,,,
新高島平,2467422036,35.790214,139.654426,0,0,,,
センター北,2468944535,35.553405,139.578261,0,0,,,
西武園ゆうえんち,2469862610,35.769363,139.440056,0,0,,,
羽田空港第3ターミナル,2496988966,35.543887,139.768652,0,0,,,
青砥,2543426281,35.745574,139.856054,0,0,,,
京成高砂,2543426602,35.75094,139.867122,0,0,,,
京成曳舟,2545151221,35.718188,139.81975,0,0,,,
柴又,2545214081,35.75643,139.875181,0,0,,,
京急蒲田,2546879670,35.561331,139.72416,0,0,,,
品川,2546879674,35.628004,139.738008,0,0,,,
東門前,2550872353,35.536583,139.734391,0,0,,,
北品川,2550872406,35.62207,139.739273,0,0,,,
鮫洲,2550872520,35.605024,139.742264,0,0,,,
鈴木町,2550872526,35.535414,139.720651,0,0,,,
立会川,2550872531,35.598699,139.73898,0,0,,,
浜松町,2558121907,35.655111,139.757062,1,1,125,34,20
市ケ谷,2558121912,35.691186,139.735624,0,1,61,20,8
神田,2558121917,35.691794,139.770911,1,1,403,126,17
高円寺,2558121920,35.705542,139.649965,1,1,171,44,14
荻窪,2558121936,35.70448,139.620159,1,0,,,
両国,2558121937,35.6958,139.79296,1,1,143,33,22
千駄ケ谷,2558121938,35.681266,139.711331,1,1,44,26,11
水道橋,2558121946,35.702042,139.753636,1,1,232,69,17
代々木,2558121954,35.683951,139.702081,1,1,168,71,10
有楽町,2558121955,35.67496,139.763048,1,1,376,121,14
志茂,2558151864,35.777904,139.732526,0,0,,,
阿佐ケ谷,2559434097,35.70484,139.635472,1,0,,,
八王子,2559434104,35.655389,139.339467,1,0,,,
東小金井,2559434105,35.701541,139.524056,1,0,,,
日野,2559434109,35.679389,139.393846,1,0,,,
飯田橋,2559434114,35.700742,139.744002,0,1,279,69,12
吉祥寺,2559434118,35.703141,139.580308,1,0,,,
国分寺,2559434121,35.7001,139.480358,1,0,,,
国立,2559434122,35.699241,139.446531,1,0,,,
三鷹,2559434129,35.702715,139.560901,1,0,,,
武蔵小金井,2559434132,35.701126,139.506787,1,0,,,
武蔵境,2559434133,35.70213,139.54408,1,0,,,
中野,2559434134,35.70583,139.665633,1,1,144,31,27
西国分寺,2559434140,35.699748,139.466082,1,0,,,
西荻窪,2559434141,35.703733,139.599605,1,0,,,
西八王子,2559434142,35.656523,139.312416,1,0,,,
御茶ノ水,2559434143,35.69961,139.764949,1,1,566,239,12
立川,2559434164,35.697982,139.413551,1,0,,,
高田馬場,2559434165,35.71264,139.703874,0,1,123,26,36
豊田,2559434167,35.659515,139.381485,1,0,,,
二子新地,2574447314,35.607197,139.622446,0,0,,,
高津,2574447319,35.603179,139.616964,0,0,,,
九品仏,2574536692,35.605406,139.661218,0,1,21,21,7
等々力,2574536696,35.608362,139.648023,0,1,4,7,9
新浦安,2597276891,35.649534,139.912495,1,0,,,
舞浜,2597276892,35.636259,139.883606,1,0,,,
小竹向原,2600954688,35.743373,139.679527,0,0,,,
西ケ原,2613600680,35.74605,139.742172,0,1,41,10,59
東十条,2620090842,35.763848,139.726875,1,1,94,18,22
赤土小学校前,2632036488,35.742861,139.769042,0,1,46,7,41
川口,2670191219,35.801926,139.717512,1,0,,,
鬼子母神前,2696334868,35.720213,139.714857,0,1,45,18,19
多摩川,2702380569,35.589691,139.668794,0,0,,,
新木場,2714358960,35.646139,139.82729,0,0,,,
板橋,2723855432,35.745396,139.71951,1,1,13,3,36
市川塩浜,2729417325,35.666636,139.923649,1,0,,,
潮見,2729417341,35.658924,139.817197,1,0,,,
越中島,2729417356,35.667906,139.792609,1,1,49,11,69
茅場町,2730655241,35.680229,139.779424,0,1,213,85,29
町屋二丁目,2730694910,35.743784,139.776754,0,1,50,9,35
荒川七丁目,2730694911,35.741991,139.78414,0,1,45,8,38
世田谷代田,2732305545,35.658291,139.661531,0,1,88,55,16
沼袋,2733671211,35.719269,139.664606,0,1,52,7,12
津田山,2738954712,35.603882,139.600457,1,0,,,
京王多摩センター,2744378724,35.625323,139.424397,0,0,,,
小田急多摩センター,2744378732,35.625023,139.424552,0,0,,,
八幡山,2773536829,35.669883,139.615709,0,0,,,
四ツ谷,2822191201,35.684992,139.729924,0,1,71,30,33
大井町,2926897392,35.607653,139.734319,0,0,,,
北松戸,3012068695,35.80061,139.911734,1,0,,,
新松戸,3012068705,35.825373,139.921129,1,0,,,
松戸,3012068708,35.784306,139.900942,0,0,,,
馬橋,3012068713,35.811633,139.917308,1,0,,,
武蔵砂川,3279736246,35.728915,139.392283,0,0,,,
青海,3349839243,35.624754,139.7813,0,0,,,
台場,3349902307,35.625902,139.771422,0,0,,,
東京国際クルーズターミナル,3349902308,35.621401,139.773081,0,0,,,
お台場海浜公園,3349902309,35.629872,139.778739,0,0,,,
有明,3349961077,35.634556,139.793256,0,0,,,
有明テニスの森,3349961078,35.640103,139.788792,0,0,,,
日の出,3349961079,35.649189,139.7591,0,1,68,10,12
東京ビッグサイト,3349961080,35.630197,139.79137,0,0,,,
芝浦ふ頭,3349961081,35.641738,139.757772,0,0,,,
市場前,3349961082,35.645771,139.785799,0,0,,,
新橋,3349961083,35.665348,139.759894,0,1,307,99,64
新豊洲,3349961084,35.64877,139.790212,0,1,13,9,15
汐留,3349961085,35.662907,139.759972,0,1,216,70,59
竹芝,3349961086,35.653974,139.761907,0,1,67,21,23
テレコムセンター,3349961087,35.617566,139.779444,0,0,,,
豊洲,3349961088,35.653748,139.79541,0,1,53,21,20
成瀬,3357596414,35.535388,139.472847,1,0,,,
長津田,3357596416,35.531704,139.495253,1,0,,,
蒲田,3547330602,35.562015,139.715819,1,1,130,30,20
上中里,3547330603,35.746579,139.74698,1,1,51,11,50
川崎,3547330604,35.531404,139.696893,1,1,128,31,30
西川口,3547330605,35.815583,139.704482,1,0,,,
王子,3547330607,35.752347,139.738275,1,1,65,15,30
大森,3547330608,35.588473,139.727933,1,0,,,
拝島,3556466290,35.721133,139.343626,1,0,,,
大師前,3558446593,35.778875,139.781463,0,0,,,
西新井,3558446594,35.777253,139.790321,0,0,,,
東あずま,3558471784,35.707069,139.831808,0,0,,,
曳舟,3558471786,35.718306,139.81675,0,0,,,
亀戸水神,3558471790,35.700085,139.833533,0,0,,,
小村井,3558471792,35.71028,139.827775,0,0,,,
参宮橋,3613410677,35.678741,139.693674,0,1,40,17,10
明大前,3623712584,35.668434,139.650428,0,1,44,11,13
中村橋,3624969353,35.736818,139.637811,0,0,,,
清瀬,3624969356,35.772084,139.519819,0,0,,,
ひばりヶ丘,3625068721,35.751523,139.545533,0,0,,,
小手指,3625203341,35.800618,139.437792,0,0,,,
狭山ヶ丘,3625203342,35.810523,139.416712,0,0,,,
西所沢,3625203344,35.788957,139.456066,0,0,,,
練馬,3625262338,35.737877,139.654082,0,0,,,
東長崎,3625412826,35.730261,139.682864,0,0,,,
戸田公園,3647437884,35.807909,139.678195,1,0,,,
つくし野,3651186932,35.527637,139.48511,0,0,,,
代官山,3656056035,35.648157,139.703293,0,1,159,83,30
新丸子,3656056036,35.580665,139.662052,0,0,,,
綾瀬,3656464152,35.762128,139.824867,0,0,,,
浅草,3666779220,35.711951,139.798368,0,1,304,104,25
とうきょうスカイツリー,3666779222,35.710692,139.811014,0,0,,,
押上〈スカイツリー前〉,3666792383,35.710286,139.813294,0,0,,,
明治神宮前〈原宿〉,3668999960,35.66897,139.70436,0,1,162,159,34
西大井,3692259388,35.601866,139.721671,1,0,,,
尾久,3693272761,35.746909,139.75366,1,1,38,6,27
田町,3708279828,35.645736,139.747683,1,0,,,
東村山,3730686206,35.760474,139.465903,0,0,,,
小川,3730686211,35.737409,139.463551,0,0,,,
豊島園,3730686212,35.742419,139.647977,0,0,,,
桜台,3730703333,35.738754,139.662384,0,0,,,
所沢,3730703334,35.786791,139.47331,0,0,,,
橋本,3893393986,35.594869,139.344912,1,0,,,
福生,4351266467,35.742331,139.327879,0,0,,,
羽村,4351266479,35.758352,139.316009,0,0,,,
東中神,4351266481,35.706367,139.384433,0,0,,,
中神,4351266693,35.709026,139.37579,0,0,,,
西立川,4351266695,35.703528,139.393634,1,0,,,
小作,4351266700,35.776311,139.301923,0,0,,,
牛浜,4351266710,35.734611,139.333601,0,0,,,
天空橋,4406782069,35.548969,139.754377,0,0,,,
整備場,4406782070,35.55528,139.753682,0,0,,,
昭和島,4406782071,35.570897,139.750008,0,0,,,
流通センター,4406782073,35.581682,139.749126,0,0,,,
大井競馬場前,4406782074,35.59513,139.747057,0,0,,,
天王洲アイル,4406782075,35.622736,139.750795,0,0,,,
後楽園,4406993248,35.707337,139.751216,0,1,126,37,15
荏原町,4409431301,35.603856,139.70774,0,1,37,4,26
九段下,4416166080,35.695908,139.751282,0,1,273,84,15
久地,4900640367,35.610598,139.592502,1,0,,,
小島新田,4920131710,35.534767,139.747911,0,0,,,
センター南,5227138562,35.54529,139.574637,0,0,,,
金町,5254306690,35.769584,139.870693,1,0,,,
東京貨物ターミナル,5318592733,35.595856,139.757791,0,0,,,
本駒込,5406700296,35.724763,139.753701,0,1,37,20,16
赤羽岩淵,5406718981,35.783448,139.7221,0,0,,,
新宿三丁目,5408169522,35.690736,139.70476,0,1,464,136,11
氷川台,5408201206,35.749782,139.665008,0,0,,,
平和台,5408201207,35.757689,139.654137,0,0,,,
地下鉄赤塚,5408201208,35.769923,139.644126,0,0,,,
地下鉄成増,5408201209,35.776695,139.631247,0,0,,,
和光市,5408205539,35.78841,139.612673,0,0,,,
早稲田,5408225235,35.705803,139.721191,0,1,60,24,17
神楽坂,5408235029,35.70393,139.734135,0,1,277,59,18
竹橋,5408256884,35.690099,139.758748,0,1,253,94,41
日本橋,5408257692,35.682208,139.774493,0,1,224,102,16
三田,5409191613,35.647662,139.748398,0,1,194,34,21
春日,5409196590,35.70988,139.753184,0,1,138,41,20
白山,5409203621,35.721505,139.752158,0,1,37,18,15
千石,5409203742,35.727712,139.744995,0,1,41,11,21
上北沢,5410120851,35.668853,139.623291,0,0,,,
仲御徒町,5411585752,35.706491,139.776195,0,1,767,231,17
住吉,5594490948,35.688996,139.815685,0,0,,,
森下,5594511143,35.687998,139.797044,0,1,89,15,26
清澄白河,5594511144,35.68205,139.798764,0,1,60,18,31
荒川遊園地前,5867904899,35.750677,139.757911,0,1,27,5,39
百草園,6009189919,35.657526,139.430911,0,0,,,
多摩動物公園,6011451203,35.648666,139.403734,0,0,,,
京王八王子,6054786520,35.657923,139.343019,0,0,,,
稲城長沼,6057309187,35.644457,139.502202,1,0,,,
南多摩,6057309188,35.649281,139.489898,1,0,,,
戸越公園,6057744442,35.608911,139.718185,0,0,,,
中延,6057744443,35.605926,139.712883,0,1,36,3,39
下神明,6057744444,35.608781,139.72625,0,0,,,
モノレール浜松町,6057804601,35.655401,139.756728,0,1,121,34,21
日吉,6131416650,35.553469,139.646875,0,0,,,
井荻,6140211238,35.72469,139.615236,0,0,,,
赤坂見附,6179550652,35.676321,139.737525,0,1,349,61,36
小川町,6184838874,35.694947,139.766299,0,1,540,196,10
神保町,6186032720,35.695008,139.758269,0,1,360,120,20
湯島,6190974817,35.707333,139.77001,0,1,718,223,19
日比谷,6191130324,35.67373,139.75835,0,1,320,106,10
桜田門,6192618377,35.677401,139.751576,0,1,17,13,21
霞ケ関,6195254304,35.672501,139.751622,0,1,209,62,13
新御茶ノ水,6199739250,35.697218,139.765626,0,1,595,248,10
上野御徒町,6199814789,35.707977,139.7733,0,1,714,222,19
国会議事堂前,6202341257,35.673689,139.743426,0,1,362,68,34
溜池山王,6202373220,35.67299,139.741424,0,1,357,68,34
都庁前,6203591949,35.690607,139.692814,0,1,327,95,15
代々木公園,6205618547,35.669032,139.690122,0,1,56,20,9
国立競技場,6206496012,35.6801,139.713944,0,1,35,20,15
二重橋前〈丸の内〉,6206669779,35.680321,139.761616,0,1,144,71,27
半蔵門,6208064122,35.685221,139.741583,0,1,113,45,40
新御徒町,6209017478,35.70706,139.781843,0,1,422,118,16
赤坂,6210190874,35.672224,139.736388,0,1,368,60,43
東雲,6211575889,35.64073,139.803623,0,0,,,
東京テレポート,6211575890,35.627093,139.778091,0,0,,,
品川シーサイド,6211678482,35.60972,139.749877,0,0,,,
国際展示場,6214783969,35.634437,139.791755,0,0,,,
中野坂上,6217547168,35.697117,139.68175,0,1,64,15,28
表参道,6219132765,35.665161,139.712543,0,1,280,168,21
六本木一丁目,6227812514,35.664973,139.738849,0,1,266,63,40
リゾートゲートウェイ・ステーション,6229725460,35.635263,139.885117,0,0,,,
芝公園,6233834712,35.654237,139.749892,0,1,192,37,27
舎人,6234960537,35.805663,139.770116,0,0,,,
舎人公園,6234960538,35.796371,139.770161,0,0,,,
谷在家,6234995903,35.78873,139.770052,0,0,,,
江北,6234995904,35.773808,139.770311,0,0,,,
高野,6234995905,35.76851,139.770699,0,0,,,
扇大橋,6234995906,35.763969,139.770826,0,1,7,0,29
足立小台,6235000937,35.754694,139.770382,0,1,4,1,16
熊野前,6235000939,35.748499,139.769844,0,1,30,5,38
西新井大師西,6235008973,35.781512,139.770084,0,0,,,
面影橋,6236061923,35.713006,139.714259,0,1,98,26,22
学習院下,6236080112,35.716354,139.712521,0,1,96,22,22
都電雑司ヶ谷,6236080113,35.724199,139.717931,0,1,134,59,26
東池袋四丁目,6236080114,35.725274,139.72017,0,1,126,57,28
向原,6236080117,35.729041,139.725093,0,1,93,33,30
巣鴨新田,6236325155,35.735513,139.727743,0,1,84,19,26
庚申塚,6236350648,35.739604,139.729722,0,1,41,9,35
新庚申塚,6236350649,35.741524,139.730634,0,1,20,6,35
西ヶ原四丁目,6236350650,35.744569,139.732939,0,1,14,5,35
王子駅前,6236367099,35.752741,139.738261,0,1,65,15,31
荒川車庫前,6236471539,35.750891,139.752713,0,1,35,4,32
小台,6236482425,35.750519,139.762029,0,1,31,6,39
宮ノ前,6236490715,35.750047,139.765247,0,1,30,7,40
東尾久三丁目,6237073657,35.745575,139.774083,0,1,42,9,40
秋葉原,6238841525,35.69883,139.774302,0,1,504,223,16
岩本町,6238851056,35.695614,139.775318,0,1,455,198,15
祐天寺,6254457082,35.637575,139.691007,0,1,11,4,10
学芸大学,6254460285,35.628947,139.685347,0,1,17,8,10
自由が丘,6254479996,35.607538,139.668828,0,1,51,41,5
田園調布,6254493955,35.59689,139.667368,0,0,,,
武蔵小杉,6254516169,35.575745,139.659675,0,0,,,
元住吉,6254520499,35.564449,139.654064,0,0,,,
綱島,6254629280,35.536742,139.634683,0,0,,,
銀座,6271990033,35.672841,139.763103,0,1,401,130,17
泉岳寺,6279803459,35.638781,139.740061,0,0,,,
西武新宿,6283010875,35.695402,139.700025,0,1,557,132,8
青山一丁目,6284888995,35.67278,139.724019,0,1,80,28,29
程久保,6287277218,35.655287,139.41083,0,0,,,
中央大学・明星大学,6287291406,35.641883,139.408764,0,0,,,
大塚・帝京大学,6287291407,35.636892,139.416475,0,0,,,
松が谷,6287291409,35.631822,139.422067,0,0,,,
奥沢,6289331413,35.604026,139.672738,0,1,58,37,8
洗足,6289646643,35.610151,139.694166,0,1,60,16,12
武蔵小山,6289655849,35.620561,139.704573,0,1,26,13,33
不動前,6289699814,35.625342,139.713046,0,1,51,7,36
大岡山,6289850738,35.607416,139.685701,0,1,89,11,11
旗の台,6289932019,35.604888,139.702588,0,1,26,4,20
北千束,6289932022,35.606547,139.692888,0,1,61,15,7
緑が丘,6290069795,35.60656,139.679015,0,1,93,22,10
尾山台,6290069800,35.607036,139.653751,0,1,6,7,6
上野毛,6290069807,35.611986,139.638886,0,0,,,
宮崎台,6290166708,35.587053,139.591125,0,0,,,
銀座一丁目,6333133527,35.674347,139.767033,0,1,383,138,19
辰巳,6335374288,35.645477,139.810739,0,0,,,
御成門,6352945230,35.660801,139.751359,0,1,183,72,20
水天宮前,6353024187,35.682524,139.78564,0,1,121,56,32
浜町,6376099903,35.688474,139.788142,0,1,134,46,19
小菅,6384602191,35.758673,139.812643,0,0,,,
東久留米,6385541609,35.760251,139.534085,0,0,,,
西武立川,6419817925,35.726298,139.370481,0,0,,,
勝どき,6440614866,35.658962,139.777175,0,1,80,13,28
乃木坂,6443199834,35.666665,139.726365,0,1,218,45,28
山下,6443282063,35.653824,139.646516,0,1,46,18,6
八丁堀,6449441183,35.674624,139.777657,1,1,147,54,29
矢向,6449745750,35.539182,139.680512,1,0,,,
鹿島田,6449758169,35.551547,139.675013,1,0,,,
平間,6449758171,35.560975,139.670934,1,0,,,
向河原,6449763668,35.572958,139.667219,1,0,,,
分倍河原,6449866654,35.668447,139.468995,1,0,,,
麻布十番,6511944763,35.656501,139.736161,0,1,169,46,26
江戸川橋,6545039555,35.709516,139.733564,0,1,125,28,27
護国寺,6545122783,35.719079,139.727463,0,1,16,8,27
錦糸町,6547961657,35.696312,139.815043,0,0,,,
光が丘,6548181146,35.758552,139.62938,0,0,,,
甲州街道,6565174777,35.6783,139.409208,0,0,,,
柴崎体育館,6565174778,35.689923,139.409404,0,0,,,
万願寺,6565195595,35.671277,139.420066,0,0,,,
立川南,6565229386,35.696146,139.4126,0,0,,,
中野島,6780107531,35.630115,139.550683,1,0,,,
朝霞台,6790770682,35.814657,139.586876,0,0,,,
市が尾,6802293266,35.551348,139.541281,0,0,,,
たまプラーザ,6802306080,35.577527,139.558874,0,0,,,
あざみ野,6802316527,35.568678,139.55343,0,0,,,
鷺沼,6802356976,35.579444,139.572855,0,0,,,
宮前平,6802358403,35.584962,139.582039,0,0,,,
原宿,6806051378,35.670215,139.702427,1,1,111,124,28
幡ヶ谷,6810298549,35.677232,139.676829,0,1,52,15,30
笹塚,6810298550,35.67368,139.667232,0,1,38,10,26
中野新橋,6812265365,35.692021,139.673804,0,1,60,11,19
十条,7034774100,35.760008,139.722307,1,1,71,13,24
多摩境,7040358380,35.602052,139.367122,0,0,,,
藤が丘,7096836747,35.543498,139.527979,0,0,,,
田奈,7096971520,35.536257,139.504908,0,0,,,
野方,7097139114,35.719696,139.653126,0,1,52,4,15
東秋留,7099127364,35.725938,139.310996,0,0,,,
亀有,7179667422,35.766665,139.847801,1,0,,,
北朝霞,7351835252,35.815317,139.586997,1,0,,,
新秋津,7351964083,35.777873,139.493386,1,0,,,
新桜台,7382935074,35.74109,139.668621,0,0,,,
武蔵藤沢,7411618655,35.821335,139.412567,0,0,,,
江古田,7430288084,35.737569,139.672789,0,0,,,
下落合,7430368356,35.715766,139.695438,0,1,72,11,36
新井薬師前,7430375681,35.715729,139.672568,0,1,72,8,22
中井,7430377036,35.715089,139.686289,0,1,48,9,31
草加,7481965874,35.828252,139.803362,0,0,,,
梅島,7482027434,35.772378,139.797991,0,0,,,
五反野,7482027435,35.765959,139.809497,0,0,,,
堀切,7482043457,35.743258,139.817699,0,0,,,
東向島,7482077157,35.724334,139.819308,0,0,,,
鐘ヶ淵,7482077160,35.733735,139.820523,0,0,,,
竹ノ塚,7483347890,35.79448,139.790843,0,0,,,
高輪ゲートウェイ,7502284289,35.635399,139.740664,1,0,,,
仲町台,7601088838,35.535309,139.589601,0,0,,,
南新宿,7661834794,35.683707,139.698857,0,1,147,55,11
五月台,7674844435,35.600175,139.493614,0,0,,,
小田急永山,7674863409,35.629933,139.44821,0,0,,,
はるひ野,7674874324,35.61884,139.464619,0,0,,,
黒川,7674885449,35.613233,139.470742,0,0,,,
栗平,7674893894,35.60608,139.480889,0,0,,,
喜多見,7678485635,35.636529,139.586871,0,0,,,
和泉多摩川,7678517553,35.627512,139.573727,0,0,,,
下高井戸,7681378384,35.666134,139.641595,0,0,,,
三軒茶屋,7681380424,35.644059,139.669068,0,1,155,37,23
西太子堂,7681383448,35.644586,139.666303,0,1,140,34,20
若林,7681383449,35.645952,139.659857,0,1,55,15,15
松陰神社前,7681390222,35.643938,139.65519,0,1,59,15,11
世田谷,7681390223,35.643507,139.650809,0,1,51,11,9
上町,7681390224,35.643245,139.646828,0,1,45,13,13
宮の坂,7681398785,35.647825,139.644989,0,1,62,18,13
松原,7681398788,35.660117,139.641968,0,0,,,
代田橋,7682830399,35.67096,139.658753,0,1,45,5,15
桜上水,7682838109,35.667563,139.632011,0,0,,,
芦花公園,7682843594,35.670582,139.608395,0,0,,,
千歳烏山,7682885667,35.668004,139.600852,0,0,,,
仙川,7682885684,35.662345,139.585016,0,0,,,
つつじヶ丘,7682908517,35.658067,139.575243,0,0,,,
柴崎,7682938186,35.654242,139.567044,0,0,,,
布田,7682968810,35.649866,139.55176,0,0,,,
府中,7682981674,35.672219,139.480009,0,0,,,
聖蹟桜ヶ丘,7683003648,35.650854,139.447045,0,0,,,
多磨霊園,7683007940,35.666112,139.503018,0,0,,,
東府中,7683014978,35.6689,139.495146,0,0,,,
中河原,7683040566,35.65961,139.457954,0,0,,,
平山城址公園,7683074728,35.647517,139.380331,0,0,,,
南平,7683105642,35.65464,139.391956,0,0,,,
長沼,7683115271,35.642798,139.365931,0,0,,,
北野,7683133748,35.644604,139.354084,0,0,,,
国領,7683200691,35.650216,139.558541,0,0,,,
浮島町,7729930380,35.526107,139.778083,0,0,,,
高松,7749777844,35.710152,139.413274,0,0,,,
立飛,7749786872,35.714451,139.417196,0,0,,,
泉体育館,7749786873,35.718818,139.419545,0,0,,,
砂川七番,7749786874,35.723375,139.418131,0,0,,,
桜街道,7749786875,35.739065,139.416651,0,0,,,
上北台,7749786876,35.745881,139.415857,0,0,,,
中川,7749869512,35.562907,139.569952,0,0,,,
新羽,7750187059,35.527496,139.612034,0,0,,,
三郷中央,7756039207,35.824554,139.878411,0,0,,,
八潮,7756040183,35.807828,139.844865,0,0,,,
西新宿五丁目,7761779877,35.689884,139.684518,0,1,72,21,36
保谷,7763479268,35.748302,139.567365,0,0,,,
川和町,7772733582,35.52848,139.54916,0,0,,,
都筑ふれあいの丘,7772737929,35.536552,139.561298,0,0,,,
日吉本町,7772745206,35.550066,139.633623,0,0,,,
高田,7772745207,35.549678,139.620052,0,0,,,
東山田,7772745208,35.554173,139.60469,0,0,,,
北山田,7772745209,35.560969,139.592741,0,0,,,
都立大学,7772934663,35.617543,139.676184,0,1,13,10,16
北参道,7775803876,35.678497,139.705414,0,1,52,39,9
西早稲田,7775803878,35.707935,139.70904,0,1,109,28,20
根津,7777176885,35.717391,139.765717,0,1,101,51,15
町屋,7777176985,35.742178,139.78009,0,1,53,11,42
千駄木,7777177085,35.725568,139.763246,0,1,65,51,30
川口元郷,7777248385,35.800121,139.730005,0,0,,,
赤羽橋,7777248485,35.655041,139.743983,0,1,120,40,25
南鳩ヶ谷,7777259889,35.816123,139.736121,0,0,,,
北綾瀬,7786715952,35.7769,139.832145,0,0,,,
外苑前,7786715953,35.670465,139.717882,0,1,168,73,22
京橋,7786715954,35.676696,139.770041,0,1,327,120,21
末広町,7786715955,35.702936,139.771679,0,1,785,281,22
上野広小路,7786715956,35.707833,139.772991,0,1,723,221,20
稲荷町,7786715958,35.711387,139.782685,0,1,298,95,15
田原町,7786715959,35.709836,139.790755,0,1,325,112,26
新大塚,7786715960,35.725782,139.729923,0,1,54,13,26
新宿御苑前,7786715962,35.688573,139.71074,0,1,146,65,15
新中野,7786715963,35.69746,139.668643,0,1,91,13,21
淡路町,7786715965,35.695061,139.767473,0,1,568,220,14
四谷三丁目,7786715967,35.687988,139.720575,0,1,129,24,17
西新宿,7786715968,35.694432,139.692767,0,1,329,78,14
虎ノ門,7786715969,35.670187,139.750056,0,1,235,76,17
東高円寺,7786715970,35.697972,139.65816,0,1,72,12,23
新高円寺,7786715971,35.697874,139.648688,0,1,113,30,13
南阿佐ケ谷,7786715972,35.699399,139.635709,0,0,,,
虎ノ門ヒルズ,7786715973,35.667469,139.747765,0,1,244,89,21
神谷町,7786715974,35.662964,139.745048,0,1,158,64,34
六本木,7786715975,35.662836,139.731327,0,1,242,48,31
広尾,7786715976,35.652063,139.722203,0,1,81,29,29
麹町,7786715977,35.684024,139.737651,0,1,113,48,42
小伝馬町,7786715980,35.690753,139.778453,0,1,267,92,15
入谷,7786715982,35.720709,139.784582,0,1,104,34,17
三ノ輪,7786715983,35.72955,139.7913,0,1,80,20,20
方南町,7787647712,35.683501,139.657689,0,1,19,4,28
中野富士見町,7787647714,35.690564,139.667033,0,1,36,8,21
東日本橋,7791591074,35.692124,139.784885,0,1,206,66,20
浅草橋,7791591075,35.697392,139.78631,0,1,226,66,18
蔵前,7791591076,35.703212,139.790939,0,1,151,58,16
練馬春日町,7791591077,35.751398,139.640376,0,0,,,
宝町,7791591078,35.675434,139.771885,0,1,331,105,18
高輪台,7791591079,35.631735,139.730426,0,0,,,
戸越,7791591080,35.614502,139.716364,0,0,,,
新江古田,7791591083,35.732602,139.670417,0,0,,,
落合南長崎,7791591084,35.723225,139.683578,0,0,,,
本所吾妻橋,7791605885,35.708561,139.804349,0,1,119,48,35
馬込,7791605889,35.596779,139.711927,0,1,17,2,13
西馬込,7791605890,35.587299,139.706311,0,1,9,2,15
東中野,7791605892,35.707348,139.683232,0,1,94,15,30
築地市場,7791605894,35.664879,139.766884,0,1,248,90,64
本蓮沼,7791605898,35.768521,139.702444,0,0,,,
板橋本町,7791605899,35.761431,139.705525,0,1,15,4,23
板橋区役所前,7791605900,35.751348,139.71004,0,1,51,13,24
西巣鴨,7791605901,35.743554,139.728697,0,1,12,4,31
内幸町,7791605902,35.669456,139.75538,0,1,359,120,11
曙橋,7791605903,35.692415,139.722863,0,1,106,18,13
馬喰横山,7791605906,35.692122,139.782794,0,1,201,66,21
船堀,7791605907,35.683831,139.864297,0,0,,,
篠崎,7791605908,35.706079,139.903838,0,0,,,
瑞江,7791605909,35.693248,139.897639,0,0,,,
大島,7791605910,35.689769,139.835076,0,0,,,
東大島,7791605911,35.690297,139.845952,0,0,,,
本八幡,7791605912,35.723714,139.927061,0,0,,,
新板橋,7791605913,35.748797,139.719903,0,1,19,4,34
志村坂上,7791605915,35.775669,139.695529,0,0,,,
志村三丁目,7791605917,35.777511,139.685997,0,0,,,
蓮根,7791605919,35.784324,139.679071,0,0,,,
西台,7791605921,35.786966,139.674022,0,0,,,
高島平,7791605923,35.788913,139.661255,0,0,,,
西高島平,7791605925,35.791911,139.645772,0,0,,,
西大島,7791605927,35.689372,139.826635,0,0,,,
菊川,7791605928,35.688416,139.806123,0,0,,,
一之江,7791605929,35.686044,139.88312,0,0,,,
大崎広小路,7808705900,35.622544,139.72257,0,0,,,
宿河原,7810402933,35.615337,139.579765,1,0,,,
武蔵溝ノ口,7810421031,35.599008,139.611241,1,0,,,
谷保,7810422310,35.681353,139.446875,1,0,,,
矢川,7810437825,35.685092,139.4315,1,0,,,
矢野口,7810457140,35.641659,139.520527,1,0,,,
稲田堤,7810489202,35.633512,139.53547,1,0,,,
武蔵新城,7810497426,35.587157,139.629848,1,0,,,
武蔵中原,7810500162,35.580908,139.64176,1,0,,,
新三河島,7811267724,35.737205,139.773946,0,1,54,10,31
京成関屋,7811267726,35.743995,139.811776,0,0,,,
堀切菖蒲園,7811267728,35.747675,139.827483,0,0,,,
石川台,7817272379,35.597132,139.685495,0,0,,,
熊川,7829676200,35.728446,139.335407,0,0,,,
新小平,7833960690,35.730841,139.470549,1,0,,,
沼部,7834193975,35.582768,139.673065,0,0,,,
下丸子,7834193976,35.571386,139.685595,0,0,,,
武蔵新田,7834193978,35.567862,139.692479,0,1,12,3,11
矢口渡,7834193980,35.562577,139.700259,0,1,13,4,2
鵜の木,7834193982,35.57546,139.680574,0,0,,,
久が原,7834193984,35.579593,139.685654,0,0,,,
若葉台,7834562492,35.619344,139.472665,0,0,,,
京王稲田堤,7834562496,35.633743,139.53095,0,0,,,
京王よみうりランド,7834562497,35.632947,139.516835,0,0,,,
京王多摩川,7834562498,35.644776,139.536912,0,0,,,
稲城,7834562500,35.636235,139.500445,0,0,,,
南大沢,7834562502,35.614145,139.379937,0,0,,,
京王堀之内,7834562504,35.624478,139.40034,0,0,,,
羽田空港第1・第2ターミナル,7834562508,35.549849,139.786092,0,0,,,
穴守稲荷,7834562509,35.55031,139.746776,0,0,,,
大鳥居,7834562510,35.552518,139.739516,0,0,,,
糀谷,7834562511,35.554702,139.729467,0,0,,,
新馬場,7834575753,35.616511,139.741465,0,0,,,
八丁畷,7834575755,35.523015,139.691728,1,1,25,4,111
雑色,7834719308,35.549695,139.71498,0,1,29,6,7
梅屋敷,7834719310,35.566966,139.728368,0,0,,,
大森町,7834719312,35.572503,139.732068,0,0,,,
平和島,7834719314,35.578704,139.734969,0,0,,,
大森海岸,7834719318,35.587699,139.735394,0,0,,,
青物横丁,7834719324,35.608874,139.743077,0,0,,,
京急川崎,7834808024,35.53283,139.700782,0,1,119,29,26
六郷土手,7834808028,35.540658,139.707667,0,1,9,0,11
原当麻,7841193477,35.529237,139.375137,0,0,,,
お花茶屋,7857922509,35.747589,139.840145,0,0,,,
千住大橋,7857922511,35.742423,139.79682,0,1,13,3,23
菅野,7858116081,35.728218,139.919558,0,0,,,
市川真間,7858116083,35.731398,139.911563,0,0,,,
国府台,7858116084,35.736422,139.902507,0,0,,,
江戸川,7858131585,35.737755,139.895878,0,0,,,
京成小岩,7858131586,35.74242,139.883352,0,0,,,
北池袋,7863114045,35.740986,139.71682,0,1,12,2,34
下赤塚,7863114049,35.770581,139.644574,0,0,,,
志木,7864238159,35.822223,139.575173,0,0,,,
成増,7864238163,35.777592,139.632934,0,0,,,
東武練馬,7864238167,35.768648,139.662577,0,0,,,
上板橋,7864238168,35.763474,139.676543,0,0,,,
ときわ台,7864238172,35.758915,139.688536,0,0,,,
中板橋,7864238174,35.7564,139.694183,0,1,19,5,19
大山,7864238179,35.748624,139.702435,0,1,16,5,14
下板橋,7864238181,35.745249,139.715479,0,1,21,6,26
市川,7865838620,35.728874,139.908173,1,0,,,
新小岩,7865838622,35.716984,139.858071,1,0,,,
平井,7865838626,35.706421,139.8425,1,0,,,
信濃町,7865838639,35.680024,139.720495,1,1,20,6,27
大久保,7865838640,35.700778,139.697318,1,1,272,39,25
一橋学園,7867500191,35.721779,139.480123,0,0,,,
武蔵大和,7867500196,35.756226,139.444246,0,0,,,
八坂,7867500891,35.74516,139.467436,0,0,,,
青梅街道,7867500892,35.730646,139.476559,0,0,,,
萩山,7867502185,35.740679,139.477181,0,0,,,
多摩湖,7867502186,35.766066,139.442629,0,0,,,
初台,7872741440,35.681157,139.686244,0,1,67,19,27
港町,7878805491,35.535033,139.712468,0,1,7,3,11
川崎大師,7878805493,35.535794,139.72609,0,0,,,
大師橋,7878805495,35.536622,139.740576,0,0,,,
用賀,7880318769,35.626647,139.634154,0,0,,,
桜新町,7880318770,35.631724,139.645369,0,1,15,4,12
駒沢大学,7880318771,35.633193,139.661156,0,1,36,12,17
池尻大橋,7880318773,35.650763,139.684772,0,1,30,11,24
下山口,7880733147,35.779518,139.441461,0,0,,,
東所沢,7881229733,35.794596,139.513758,1,0,,,
北府中,7881229743,35.680766,139.471755,1,0,,,
幸谷,7881229780,35.826597,139.91982,0,0,,,
池ノ上,7892696560,35.660507,139.672925,0,1,105,49,27
新代田,7892696562,35.662608,139.660616,0,1,97,52,15
東松原,7892696564,35.662643,139.655857,0,1,28,20,13
永福町,7892696569,35.676258,139.642645,0,0,,,
西永福,7892696570,35.678698,139.635535,0,0,,,
浜田山,7892696572,35.681647,139.627468,0,0,,,
高井戸,7892696573,35.683248,139.61495,0,0,,,
富士見ヶ丘,7892696574,35.684671,139.607611,0,0,,,
久我山,7892696575,35.687977,139.599613,0,0,,,
三鷹台,7892696577,35.692243,139.588914,0,0,,,
井の頭公園,7892696578,35.697502,139.582728,0,0,,,
神泉,7892857493,35.657216,139.693488,0,1,343,78,24
駒場東大前,7892857494,35.658671,139.684455,0,1,30,6,28
洗足池,7899349367,35.599796,139.691302,0,1,16,3,6
長原,7899349368,35.602265,139.697952,0,1,19,4,14
雪が谷大塚,7899349374,35.59199,139.681041,0,0,,,
荏原中延,7899349376,35.609946,139.712005,0,1,56,9,27
池上,7899349378,35.572021,139.703049,0,1,35,10,10
蓮沼,7899349379,35.564252,139.70852,0,1,63,26,12
千鳥町,7899349381,35.572914,139.69158,0,1,6,4,9
御嶽山,7899349382,35.585252,139.682472,0,0,,,
八広,7913349582,35.727185,139.828234,0,0,,,
四ツ木,7913349583,35.731743,139.834856,0,0,,,
京成立石,7913349584,35.738268,139.848505,0,0,,,
新日本橋,7942251386,35.689,139.774194,1,1,303,100,17
馬喰町,7942251391,35.693369,139.782427,1,1,224,66,22
西小山,7947512245,35.61547,139.698736,0,1,43,19,25
府中競馬正門前,7956324705,35.668422,139.484711,0,0,,,
みのり台,7962936955,35.789292,139.929204,0,0,,,
松戸新田,7962936957,35.790627,139.922617,0,0,,,
上本郷,7962936959,35.789675,139.916236,0,0,,,
北国分,7966050118,35.762978,139.914068,0,0,,,
矢切,7966050120,35.757506,139.90055,0,0,,,
新柴又,7966050122,35.751071,139.879361,0,0,,,
上井草,7968982374,35.725262,139.603067,0,0,,,
武蔵関,7975048240,35.72763,139.576787,0,0,,,
花小金井,7975077067,35.726182,139.513224,0,0,,,
東伏見,7975078848,35.728702,139.564236,0,0,,,
下井草,7975088465,35.723831,139.625335,0,0,,,
都立家政,7975105177,35.722419,139.644665,0,1,80,5,24
西武柳沢,7975108891,35.728638,139.552591,0,0,,,
上石神井,7975130445,35.726175,139.592526,0,0,,,
小平,7975136515,35.73704,139.488253,0,0,,,
田無,7975144904,35.727315,139.539439,0,0,,,
東大和市,7975162849,35.73289,139.434521,0,0,,,
久米川,7975166907,35.749667,139.47257,0,0,,,
新所沢,7975170093,35.806674,139.456153,0,0,,,
鷺ノ宮,7978376605,35.722652,139.639543,0,0,,,
航空公園,7978379439,35.798303,139.465679,0,0,,,
西武園,7978957090,35.767841,139.448783,0,0,,,
鷹の台,8015227851,35.723453,139.461202,0,0,,,
恋ヶ窪,8025693699,35.711306,139.464051,0,0,,,
東京ディズニーシー・ステーション,8073893291,35.627449,139.88957,0,0,,,
ベイサイド・ステーション,8073893292,35.627884,139.876369,0,0,,,
東京ディズニーランド・ステーション,8073893293,35.635928,139.878674,0,0,,,
多磨,8128277679,35.676596,139.517028,0,0,,,
白糸台,8128277680,35.666478,139.509814,0,0,,,
競艇場前,8128277681,35.656208,139.499583,0,0,,,
新小金井,8128277682,35.695659,139.526501,0,0,,,
こどもの国,8317640068,35.558128,139.486489,0,0,,,
南橋本,8856750411,35.580166,139.352557,1,0,,,
川崎貨物,9216709063,35.530372,139.744943,0,0,,,
東林間,10108140334,35.520214,139.439057,0,0,,,
新綱島,10108140342,35.535845,139.636101,0,0,,,
大田,12985575683,35.557487,139.713691,1,1,111,23,11
志茂田,12985575684,35.556579,139.712004,1,1,49,16,9
京成電鉄本社,13875821434,35.7236,139.927738,0,0,,,
新品川駅,13898472777,35.632692,139.738158,0,0,,,
北浦和,244878189,35.872155,139.646106,1,0,,,
与野,244878195,35.884398,139.639152,1,0,,,
さいたま新都心,244878198,35.893637,139.633948,1,0,,,
岩槻,251510846,35.950159,139.692915,0,0,,,
大宮,264211486,35.906387,139.62433,1,0,,,
南栗橋,264889435,36.113204,139.71292,0,0,,,
明覚,298329477,36.0033,139.288856,0,0,,,
折原,298329605,36.096275,139.195295,0,0,,,
用土,298329688,36.153448,139.201008,0,0,,,
松久,298329690,36.172995,139.182177,0,0,,,
竹沢,298329691,36.075467,139.229928,0,0,,,
毛呂,298329913,35.940397,139.3093,0,0,,,
児玉,298329957,36.192627,139.135958,0,0,,,
新越谷,308839580,35.875496,139.789839,0,0,,,
東武動物公園,308839965,36.02496,139.726572,0,0,,,
川俣,308840211,36.208834,139.526468,0,0,,,
伊奈中央,361021508,35.999337,139.617282,0,0,,,
志久,361021535,35.99124,139.622203,0,0,,,
鉄道博物館,361021706,35.920519,139.617671,0,0,,,
丸山,361021857,35.979921,139.624703,0,0,,,
西武秩父,503873207,35.990212,139.083122,0,0,,,
持田,503883147,36.137654,139.442127,0,0,,,
東行田,503883148,36.147231,139.468492,0,0,,,
石原,503883152,36.147762,139.368833,0,0,,,
新郷,503883273,36.171223,139.510113,0,0,,,
上熊谷,503883287,36.142628,139.381336,0,0,,,
西羽生,503883289,36.176457,139.524009,0,0,,,
小前田,503883885,36.128988,139.222334,0,0,,,
樋口,503883886,36.131119,139.122315,0,0,,,
永田,503883928,36.135375,139.259362,0,0,,,
皆野,503883929,36.068634,139.093956,0,0,,,
親鼻,503884086,36.077599,139.106396,0,0,,,
武川,503884123,36.142189,139.282414,0,0,,,
波久礼,503884675,36.126782,139.158097,0,0,,,
上長瀞,503885045,36.086172,139.113333,0,0,,,
長瀞,503885058,36.095295,139.112497,0,0,,,
ひろせ野鳥の森,503885116,36.14615,139.351547,0,0,,,
明戸,503885125,36.14302,139.303452,0,0,,,
野上,503885127,36.111646,139.110733,0,0,,,
秩父,503885134,35.998585,139.085946,0,0,,,
桜沢,503885906,36.128677,139.207006,0,0,,,
大野原,503885910,36.018617,139.09403,0,0,,,
大麻生,503886011,36.144793,139.332374,0,0,,,
白久,503886115,35.958919,138.993328,0,0,,,
武州日野,503886117,35.953936,139.021777,0,0,,,
武州中川,503886125,35.958365,139.035413,0,0,,,
影森,503886320,35.972126,139.068381,0,0,,,
浦山口,503886443,35.964004,139.05837,0,0,,,
三峰口,503886681,35.960053,138.979044,0,0,,,
川角,503889912,35.93749,139.346849,0,0,,,
武州唐沢,503890759,35.95195,139.309302,0,0,,,
北上尾,614674077,35.985614,139.577155,1,0,,,
西大宮,1037948559,35.92231,139.579813,1,0,,,
東大宮,1349023818,35.948767,139.640311,0,0,,,
大和田,1681303185,35.929272,139.650614,0,0,,,
南桜井,1681303186,35.980455,139.807989,0,0,,,
藤の牛島,1681303218,35.980268,139.778032,0,0,,,
川間,1681303228,35.979175,139.833991,0,0,,,
東岩槻,1681303231,35.963296,139.712248,0,0,,,
流山,1685077179,35.855874,139.901691,0,0,,,
中浦和,1799607422,35.853525,139.637722,1,0,,,
南与野,2004078231,35.867886,139.631039,1,0,,,
南浦和,2348594796,35.847732,139.669144,1,0,,,
与野本町,2669107035,35.881202,139.62602,1,0,,,
東川口,2722542475,35.875271,139.744371,1,0,,,
西大家,2964285318,35.931661,139.356282,0,0,,,
浦和,3547330609,35.858988,139.657188,1,0,,,
上尾,3558006051,35.973327,139.588472,1,0,,,
深谷,3558006052,36.191558,139.281099,0,0,,,
吹上,3558006053,36.103202,139.452976,1,0,,,
行田,3558006054,36.113887,139.43217,0,0,,,
籠原,3558006057,36.174667,139.330512,1,0,,,
北鴻巣,3558006058,36.085526,139.476995,1,0,,,
北本,3558006059,36.03164,139.533981,1,0,,,
鴻巣,3558006060,36.059259,139.509688,1,0,,,
熊谷,3558006061,36.139072,139.390035,1,0,,,
宮原,3558006063,35.9403,139.609546,1,0,,,
岡部,3558006064,36.20568,139.237595,0,0,,,
桶川,3558006065,35.998737,139.564021,1,0,,,
稲荷山公園,3625203343,35.844927,139.398559,0,0,,,
入間市,3625233873,35.842683,139.390132,0,0,,,
白岡,3634127606,36.017409,139.666901,0,0,,,
春日部,3654391415,35.980074,139.752079,0,0,,,
北大宮,3654391424,35.917609,139.624812,0,0,,,
愛宕,3654391816,35.950552,139.864563,0,0,,,
江戸川台,3654391818,35.89746,139.910381,0,0,,,
初石,3654392227,35.884133,139.917708,0,0,,,
七光台,3654392242,35.970634,139.852935,0,0,,,
七里,3654392244,35.936389,139.665816,0,0,,,
野田市,3654392245,35.943566,139.870648,0,0,,,
大宮公園,3654392254,35.923825,139.632948,0,0,,,
清水公園,3654392259,35.959097,139.860106,0,0,,,
豊春,3654392271,35.968036,139.726251,0,0,,,
運河,3654392279,35.914018,139.906062,0,0,,,
北春日部,3666779221,35.990564,139.744013,0,0,,,
久喜,3708276249,36.065614,139.677525,1,0,,,
新白岡,3730035915,36.03866,139.672089,1,0,,,
高麗川,3730443553,35.896269,139.337989,0,0,,,
蓮田,3828076591,35.9814,139.653064,0,0,,,
土呂,3828076593,35.931776,139.632135,0,0,,,
東ゲート,3918571239,36.019743,139.719332,0,0,,,
リバティーランド,3918633780,36.01994,139.716033,0,0,,,
ハートフルランド,3919289263,36.021437,139.711859,0,0,,,
北与野,4051552657,35.890498,139.628505,1,0,,,
南古谷,4053970846,35.903254,139.519443,1,0,,,
武蔵浦和,4061808853,35.845969,139.647066,1,0,,,
柳生,4708704099,36.20665,139.65959,0,0,,,
ソシオ流通センター,4755786036,36.136478,139.424407,0,0,,,
越生,5453487845,35.962406,139.299447,1,0,,,
新古河,5587668909,36.19269,139.68693,0,0,,,
古河,5834930110,36.194587,139.709507,0,0,,,
横瀬,5861124168,35.985277,139.09779,0,0,,,
御花畑,5861124169,35.992507,139.083764,0,0,,,
梅郷,6051758678,35.931357,139.891223,0,0,,,
浦和美園,6287107614,35.893821,139.727631,0,0,,,
本庄早稲田,6677954148,36.218861,139.179485,1,0,,,
的場,6778362968,35.917657,139.436071,0,0,,,
笠幡,6778376925,35.907572,139.406505,0,0,,,
南越谷,6795782192,35.876053,139.791058,1,0,,,
原市,6848775432,35.963937,139.622258,0,0,,,
吉野原,6848776160,35.957192,139.620952,0,0,,,
今羽,6848812784,35.950087,139.619606,0,0,,,
沼南,6848816471,35.971111,139.623685,0,0,,,
東宮原,6848824218,35.942646,139.618237,0,0,,,
加茂宮,6848829169,35.93573,139.616834,0,0,,,
内宿,6853946981,36.013956,139.600056,0,0,,,
花崎,7290330225,36.109745,139.634074,0,0,,,
鷲宮,7291879394,36.096443,139.656791,0,0,,,
加須,7331127516,36.122974,139.595706,0,0,,,
南羽生,7339120511,36.14998,139.556218,0,0,,,
武州荒木,7339782119,36.162549,139.488195,0,0,,,
羽生,7340085286,36.170446,139.533918,0,0,,,
一ノ割,7481812613,35.96421,139.766103,0,0,,,
姫宮,7481817829,36.00418,139.738813,0,0,,,
せんげん台,7481834867,35.935856,139.774476,0,0,,,
武里,7481853620,35.948627,139.770713,0,0,,,
越谷,7481882262,35.888299,139.785955,0,0,,,
大袋,7481903775,35.923894,139.77803,0,0,,,
北越谷,7481903897,35.902059,139.779863,0,0,,,
蒲生,7481913906,35.867351,139.791593,0,0,,,
獨協大学前〈草加松原〉,7481943575,35.84341,139.800613,0,0,,,
新田,7481953843,35.854089,139.795458,0,0,,,
東鷲宮,7532369442,36.089477,139.679226,0,0,,,
南流山,7756039209,35.838511,139.903069,0,0,,,
流山セントラルパーク,7756043026,35.854607,139.91524,0,0,,,
仏子,7763931139,35.837703,139.359994,0,0,,,
飯能,7763971925,35.851005,139.319059,0,0,,,
元加治,7763971926,35.840554,139.345729,0,0,,,
戸塚安行,7777259886,35.858938,139.753702,0,0,,,
新井宿,7777259887,35.842998,139.73822,0,0,,,
鳩ヶ谷,7777259888,35.830873,139.736159,0,0,,,
吾野,7800482889,35.908491,139.226734,0,0,,,
寄居,7847692435,36.11774,139.19394,0,0,,,
行田市,7853547106,36.143597,139.459318,0,0,,,
高坂,7863114047,36.002645,139.3977,0,0,,,
霞ヶ関,7864238131,35.925614,139.443197,0,0,,,
川越市,7864238136,35.913962,139.477254,0,0,,,
川越,7864238138,35.90699,139.482954,1,0,,,
新河岸,7864238144,35.891376,139.496838,0,0,,,
上福岡,7864238145,35.873901,139.511804,0,0,,,
ふじみ野,7864238147,35.860841,139.523107,0,0,,,
鶴瀬,7864238151,35.845757,139.539411,0,0,,,
みずほ台,7864238153,35.83822,139.550861,0,0,,,
柳瀬川,7864238156,35.8308,139.562104,0,0,,,
玉淀,7864999211,36.11709,139.200196,0,0,,,
鉢形,7864999216,36.113862,139.209012,0,0,,,
男衾,7864999226,36.107489,139.234175,0,0,,,
東武竹沢,7864999237,36.075466,139.237715,0,0,,,
武蔵嵐山,7864999263,36.04438,139.327784,0,0,,,
つきのわ,7864999264,36.043493,139.345397,0,0,,,
森林公園,7864999267,36.04519,139.374969,0,0,,,
東松山,7864999270,36.0348,139.401613,0,0,,,
北坂戸,7864999272,35.971897,139.396723,0,0,,,
坂戸,7864999275,35.95706,139.39377,0,0,,,
若葉,7864999281,35.949124,139.408806,0,0,,,
鶴ヶ島,7864999282,35.936943,139.423671,0,0,,,
東飯能,7866648784,35.85323,139.326077,1,0,,,
八木崎,7875845244,35.978325,139.741783,0,0,,,
小金城趾,7881229781,35.835747,139.917342,0,0,,,
鰭ヶ崎,7881229783,35.84101,139.910894,0,0,,,
三郷,7882334794,35.845037,139.885779,1,0,,,
新三郷,7882334795,35.858801,139.869226,1,0,,,
吉川美南,7882334798,35.868067,139.858081,1,0,,,
西浦和,7882334803,35.844206,139.62792,1,0,,,
東浦和,7882334806,35.864081,139.704507,1,0,,,
越谷レイクタウン,7882334808,35.876217,139.822401,1,0,,,
吉川,7882334809,35.876578,139.843505,1,0,,,
東毛呂,7965117871,35.946837,139.315423,0,0,,,
一本松,7965136163,35.940371,139.37029,0,0,,,
武州長瀬,7965143821,35.941922,139.326014,0,0,,,
高麗,7966816610,35.881711,139.304436,0,0,,,
東吾野,7966844293,35.892103,139.260522,0,0,,,
武蔵横手,7966845936,35.88557,139.280581,0,0,,,
芦ヶ久保,7966871849,35.976887,139.136715,0,0,,,
西吾野,7966871897,35.92638,139.202246,0,0,,,
正丸,7966878613,35.938315,139.182097,0,0,,,
和戸,7967415774,36.040135,139.700778,0,0,,,
新狭山,7975039774,35.873955,139.433459,0,0,,,
狭山市,7975056397,35.857292,139.4132,0,0,,,
南大塚,7975076812,35.889827,139.454295,0,0,,,
入曽,7975080765,35.832503,139.42707,0,0,,,
本川越,7975091124,35.91409,139.48125,0,0,,,
幸手,8057374405,36.074899,139.715006,0,0,,,
栗橋,8063012971,36.136911,139.694019,0,0,,,
杉戸高野台,8063018734,36.05164,139.714511,0,0,,,
みなみ寄居,8079107627,36.090896,139.23636,0,0,,,
西川越,8170394897,35.919173,139.459496,0,0,,,
指扇,8170394898,35.917143,139.565051,1,0,,,
日進,8170394903,35.931556,139.606144,1,0,,,
羽貫,8735534799,36.007452,139.608424,0,0,,,
丹荘,8891836095,36.216734,139.102401,0,0,,,
和銅黒谷,9920471133,36.046915,139.10171,0,0,,,
ふかや花園,10837069811,36.130814,139.248062,0,0,,,
武蔵高萩,12327689416,35.901753,139.37135,0,0,,,
新子安,172522965,35.486875,139.654164,1,0,,,
子安,263271899,35.484643,139.645123,0,0,,,
神奈川新町,263274493,35.481427,139.64,0,0,,,
横浜,263274999,35.466207,139.623195,0,1,188,55,31
神奈川,263275159,35.471526,139.62752,0,0,,,
川崎新町,264814064,35.518257,139.699182,1,1,14,0,32
浜川崎,264814072,35.510325,139.713756,1,0,,,
中央林間,266084909,35.507581,139.44459,0,0,,,
つきみ野,266085013,35.51039,139.458272,0,0,,,
鴨居,280474787,35.510947,139.567054,1,0,,,
中山,280474931,35.514697,139.539533,1,0,,,
大口,280474943,35.492377,139.646287,1,0,,,
小机,280475974,35.508693,139.599718,1,0,,,
東神奈川,280476284,35.477943,139.633327,1,0,,,
座間,281367140,35.480715,139.399926,0,0,,,
狭間,281458957,35.640596,139.29331,0,0,,,
海老名,281469605,35.454323,139.389406,0,0,,,
相武台下,281470396,35.493183,139.386219,1,0,,,
下溝,281470876,35.518144,139.380493,1,0,,,
小田急相模原,666928567,35.515196,139.422646,0,0,,,
清滝,675449217,35.631103,139.266899,0,0,,,
高尾山,676637945,35.631094,139.256094,0,0,,,
南万騎が原,823269235,35.452353,139.526377,0,0,,,
鶴ケ峰,823271603,35.474943,139.549349,0,0,,,
三ツ境,823272153,35.467824,139.502549,0,0,,,
和田町,823272267,35.463607,139.58681,0,0,,,
相模大塚,823272288,35.47058,139.440843,0,0,,,
西谷,823272622,35.47813,139.565656,0,0,,,
西横浜,823272743,35.453288,139.608481,0,1,45,8,30
天王町,823272815,35.454005,139.602631,0,1,67,12,35
大和,823272907,35.469961,139.461468,0,0,,,
二俣川,823272975,35.463465,139.532237,0,0,,,
星川,823273031,35.458828,139.5947,0,0,,,
瀬谷,823273057,35.470396,139.482529,0,0,,,
かしわ台,823273195,35.466708,139.415318,0,0,,,
上星川,823273226,35.467719,139.580014,0,0,,,
さがみ野,823273322,35.471557,139.428569,0,0,,,
平沼橋,823273354,35.459665,139.616343,0,1,108,31,26
妙蓮寺,1017449063,35.498536,139.633226,0,0,,,
反町,1218588914,35.474682,139.625249,0,1,40,8,16
希望ヶ丘,1705352003,35.460453,139.514261,0,0,,,
生麦,2550872475,35.495287,139.666921,0,0,,,
京急新子安,2550872524,35.487098,139.655475,0,0,,,
桜木町,2738954706,35.451005,139.631002,0,0,,,
ダム上 山頂,3162565032,35.540505,139.248632,0,0,,,
ダム下 山麓,3162565033,35.541637,139.250021,0,0,,,
鶴見,3205664660,35.508339,139.675976,1,0,,,
菊名,3213632950,35.509686,139.630273,1,0,,,
新横浜,3585794198,35.506833,139.617584,0,0,,,
高尾,3622405815,35.64166,139.281634,0,0,,,
すずかけ台,3651186393,35.516911,139.481437,0,0,,,
小田栄,4079568704,35.514207,139.705298,1,1,8,1,19
藤野,6002078831,35.615885,139.152444,1,0,,,
上野原,6002079057,35.618893,139.116046,1,0,,,
四方津,6002079147,35.614161,139.073159,1,0,,,
相模湖,6002437670,35.617398,139.188492,1,0,,,
高尾山口,6003241794,35.6325,139.269908,0,0,,,
相武台前,6057309189,35.499145,139.408471,0,0,,,
白楽,6254641022,35.489675,139.627922,0,0,,,
東白楽,6254645691,35.483247,139.629475,0,0,,,
羽沢横浜国大,6679881387,35.481201,139.586115,1,0,,,
南町田グランベリーパーク,6985700703,35.511501,139.470791,0,0,,,
北新横浜,7750247047,35.519277,139.612805,0,0,,,
高島町,7750338822,35.458451,139.623858,0,1,108,32,26
岸根公園,7750342739,35.496151,139.616824,0,1,6,2,16
三ツ沢上町,7750342740,35.476415,139.605646,0,1,4,0,14
片倉町,7750342741,35.490076,139.606483,0,1,7,0,11
三ツ沢下町,7750342742,35.476509,139.616091,0,1,1,1,15
花月総持寺,7834937707,35.500439,139.672999,0,0,,,
京急鶴見,7834937709,35.507293,139.678021,0,0,,,
鶴見市場,7834937710,35.517836,139.686696,0,0,,,
馬車道,7856115777,35.450147,139.636297,0,0,,,
みなとみらい,7856115778,35.457233,139.632845,0,0,,,
新高島,7856115779,35.461939,139.626641,0,0,,,
戸部,7856861003,35.456746,139.619535,0,1,50,7,21
京急東神奈川,7856861004,35.477267,139.634545,0,0,,,
昭和,8026378907,35.506469,139.724051,1,0,,,
浅野,8026383420,35.497434,139.695704,1,0,,,
安善,8026383421,35.499648,139.700887,1,0,,,
武蔵白石,8026383422,35.501812,139.706292,1,0,,,
扇町,8026407444,35.501275,139.722235,1,0,,,
海芝浦,8026421430,35.485904,139.700285,1,0,,,
鶴見小野,8026421469,35.497295,139.680911,1,0,,,
大川,8026421612,35.495495,139.711124,1,0,,,
新芝浦,8026429248,35.491954,139.700025,1,0,,,
弁天橋,8026433198,35.495739,139.689389,1,0,,,
国道,8026435189,35.500977,139.675399,1,0,,,
鶴間,10108140340,35.49023,139.45083,0,0,,,
南林間,10108140341,35.495726,139.447969,0,0,,,
桜ヶ丘,10113292368,35.450564,139.465771,0,0,,,
東海神,1093224468,35.70596,139.98055,0,0,,,
本銚子,1642794907,35.731056,140.847815,0,0,,,
上総山田,1844116451,35.454201,140.126182,0,0,,,
北習志野,1923401945,35.721454,140.041715,0,0,,,
船橋日大前,1923703990,35.726842,140.058817,0,0,,,
原木中山,1923720146,35.703148,139.941659,0,0,,,
東葉勝田台,1923879760,35.71595,140.126056,0,0,,,
京成中山,1927034703,35.716871,139.944731,0,0,,,
成田空港,1950613882,35.765397,140.38599,0,0,,,
葭川公園,2018073976,35.608849,140.120097,0,1,96,18,28
市役所前,2018074014,35.607224,140.107848,0,1,12,1,22
県庁前,2018074040,35.603685,140.122157,0,0,,,
穴川,2065711074,35.639568,140.111877,0,0,,,
千葉公園,2065711075,35.619805,140.117824,0,1,16,4,12
作草部,2065711076,35.625695,140.115251,0,1,5,1,12
天台,2065711077,35.631418,140.112786,0,1,7,1,11
海士有木,2486366411,35.481707,140.12411,0,0,,,
八千代緑が丘,2496904129,35.72885,140.072995,0,0,,,
八千代中央,2496905056,35.727852,140.10341,0,0,,,
村上,2496905171,35.723773,140.118352,0,0,,,
飯山満,2496907359,35.714005,140.022164,0,0,,,
西船橋,2496907808,35.707479,139.959102,1,0,,,
京成津田沼,2543426615,35.683633,140.024816,0,0,,,
京成千葉,2545318838,35.611666,140.114302,0,1,87,15,21
千葉中央,2545318845,35.607325,140.11784,0,1,93,18,30
ちはら台,2545318853,35.53383,140.170277,0,0,,,
学園前,2545318856,35.560616,140.158408,0,0,,,
京成稲毛,2545318862,35.637643,140.085608,0,0,,,
検見川,2545318868,35.652602,140.066294,0,0,,,
京成幕張,2545318874,35.660953,140.05566,0,0,,,
京成幕張本郷,2545318880,35.672623,140.042125,0,0,,,
みどり台,2545318886,35.624802,140.097706,0,1,21,5,47
西登戸,2545318891,35.61746,140.102928,0,1,19,5,17
大森台,2545318902,35.584155,140.149415,0,0,,,
新千葉,2545318916,35.612552,140.108295,0,1,23,6,22
印旛日本医大,2546879658,35.787658,140.203117,0,0,,,
小室,2546879661,35.787003,140.076211,0,0,,,
東船橋,2558121910,35.699773,140.00429,1,0,,,
旭,2559434098,35.721822,140.655092,1,0,,,
千葉,2559434100,35.613734,140.112533,1,1,50,10,20
銚子,2559434101,35.729412,140.827314,1,0,,,
榎戸,2559434102,35.683777,140.288477,1,0,,,
船橋,2559434103,35.701657,139.98525,1,0,,,
東千葉,2559434106,35.616834,140.122131,1,0,,,
干潟,2559434108,35.718295,140.602861,1,0,,,
日向,2559434110,35.628354,140.362772,1,0,,,
飯倉,2559434113,35.685677,140.522441,1,0,,,
飯岡,2559434116,35.729327,140.683679,1,0,,,
倉橋,2559434123,35.738071,140.714446,1,0,,,
松岸,2559434126,35.739558,140.795258,1,0,,,
松尾,2559434127,35.636016,140.457661,1,0,,,
南酒々井,2559434128,35.704409,140.268163,1,0,,,
物井,2559434130,35.685674,140.200294,1,0,,,
空港第2ビル,2559434136,35.773197,140.387212,0,0,,,
成田,2559434137,35.777916,140.314045,1,0,,,
成東,2559434138,35.608453,140.410814,1,0,,,
佐倉,2559434147,35.709649,140.226103,1,0,,,
猿田,2559434148,35.747318,140.737426,1,0,,,
椎柴,2559434152,35.765313,140.75878,0,0,,,
下総豊里,2559434156,35.793128,140.720699,0,0,,,
酒々井,2559434161,35.731812,140.275324,1,0,,,
都賀,2559434169,35.636082,140.149235,0,0,,,
八街,2559434170,35.663078,140.317746,1,0,,,
八日市場,2559434171,35.699226,140.552094,1,0,,,
横芝,2559434172,35.661863,140.491109,1,0,,,
四街道,2559434173,35.663027,140.1656,1,0,,,
みつわ台,2706936168,35.638751,140.134784,0,0,,,
スポーツセンター,2706936169,35.643235,140.116157,0,0,,,
動物公園,2706937292,35.642577,140.125514,0,0,,,
千城台,2706937293,35.622329,140.18855,0,0,,,
千城台北,2706937294,35.627415,140.182037,0,0,,,
千葉みなと,2706937295,35.607441,140.102472,0,1,4,1,17
小倉台,2706937296,35.627715,140.171759,0,0,,,
桜木,2706937297,35.631249,140.161015,0,0,,,
東成田,2777911838,35.770088,140.387219,0,0,,,
芝山千代田,2777911854,35.754058,140.399507,0,0,,,
五井,3014657232,35.513096,140.089562,1,0,,,
八幡宿,3014683035,35.536263,140.120144,1,0,,,
土気,3014683044,35.530867,140.269779,1,0,,,
大網,3014683046,35.52283,140.311,1,0,,,
姉ケ崎,3014683050,35.478599,140.042172,1,0,,,
本千葉,3014683061,35.601121,140.12102,1,0,,,
本納,3014683062,35.482124,140.307407,1,0,,,
東金,3014683065,35.560277,140.363614,1,0,,,
求名,3014683068,35.57991,140.396273,1,0,,,
浜野,3014683070,35.552028,140.13211,1,0,,,
福俵,3014683074,35.545942,140.341486,1,0,,,
蘇我,3014683077,35.581373,140.131157,1,0,,,
誉田,3014683080,35.547011,140.21387,1,0,,,
鎌取,3014683082,35.562834,140.1785,0,0,,,
長浦,3014683083,35.450489,139.995619,1,0,,,
仲ノ町,3100212900,35.72888,140.833507,0,0,,,
君ヶ浜,3100212901,35.71355,140.860502,0,0,,,
外川,3100212902,35.699254,140.857025,0,0,,,
海鹿島,3100212903,35.721792,140.863544,0,0,,,
犬吠,3100212904,35.706245,140.861175,0,0,,,
笠上黒生,3100212905,35.728429,140.857086,0,0,,,
西海鹿島,3100212906,35.725413,140.859857,0,0,,,
観音,3100212907,35.729039,140.840223,0,0,,,
二俣新町,3528531078,35.691381,139.959533,1,0,,,
鎌ヶ谷,3654392234,35.764046,139.997352,0,0,,,
新船橋,3654392263,35.711449,139.979796,0,0,,,
新鎌ヶ谷,3654392265,35.780343,139.999507,0,0,,,
塚田,3654392276,35.721668,139.982525,0,0,,,
馬込沢,3654392327,35.741571,139.992256,0,0,,,
六実,3654392332,35.793867,139.999345,0,0,,,
稲毛海岸,3730429155,35.629492,140.073565,1,0,,,
海浜幕張,3730429159,35.648423,140.041921,1,0,,,
検見川浜,3730429165,35.637207,140.059077,1,0,,,
南船橋,3730429171,35.681976,139.995543,1,0,,,
新習志野,3730429177,35.66735,140.012879,1,0,,,
公園,6725224628,35.730739,140.153749,0,0,,,
上総村上,7829693340,35.496238,140.100269,0,0,,,
上総三又,7829693341,35.466033,140.126766,0,0,,,
京成大和田,7829693342,35.712074,140.107946,0,0,,,
公津の杜,7858025487,35.760481,140.295261,0,0,,,
京成西船,7858142412,35.711653,139.958983,0,0,,,
東中山,7858142414,35.714473,139.952596,0,0,,,
鬼越,7858142417,35.719956,139.937558,0,0,,,
京成大久保,7858158401,35.685951,140.048186,0,0,,,
谷津,7858158403,35.685295,140.007569,0,0,,,
船橋競馬場,7858158405,35.689794,139.997939,0,0,,,
大神宮下,7858158409,35.694291,139.991252,0,0,,,
京成船橋,7858159185,35.700231,139.985634,0,0,,,
海神,7858159187,35.705761,139.972098,0,0,,,
八千代台,7858159327,35.701265,140.090618,0,0,,,
実籾,7858159331,35.686907,140.068424,0,0,,,
京成佐倉,7858182732,35.725189,140.229724,0,0,,,
京成臼井,7858182736,35.729918,140.180805,0,0,,,
ユーカリが丘,7858182738,35.721731,140.156376,0,0,,,
志津,7858182741,35.717457,140.144974,0,0,,,
勝田台,7858182743,35.715463,140.126045,0,0,,,
京成成田,7858255374,35.776443,140.315519,0,0,,,
宗吾参道,7858255377,35.752651,140.281019,0,0,,,
京成酒々井,7858255379,35.736799,140.270049,0,0,,,
大佐倉,7858255381,35.730138,140.251063,0,0,,,
井野,7858390709,35.732674,140.148597,0,0,,,
中学校,7858390710,35.740215,140.148387,0,0,,,
女子大,7858390711,35.738203,140.154974,0,0,,,
地区センター,7858390712,35.725945,140.155255,0,0,,,
東松戸,7858848020,35.769956,139.943105,0,0,,,
成田湯川,7858848021,35.799553,140.291333,0,0,,,
幕張,7865838610,35.659323,140.057986,1,0,,,
幕張本郷,7865838613,35.672696,140.042295,1,0,,,
津田沼,7865838615,35.691389,140.02019,1,0,,,
下総中山,7865838617,35.714304,139.943078,1,0,,,
新検見川,7865838628,35.651784,140.073098,1,0,,,
稲毛,7865838630,35.637085,140.092567,1,0,,,
西千葉,7865838634,35.622727,140.103125,1,1,23,5,39
船橋法典,7882288883,35.730874,139.96657,1,0,,,
市川大野,7882334785,35.755385,139.951271,1,0,,,
新八柱,7882334789,35.791951,139.938384,1,0,,,
新津田沼,7962936924,35.690358,140.023348,0,0,,,
前原,7962936926,35.700952,140.027839,0,0,,,
薬園台,7962936928,35.710159,140.037704,0,0,,,
習志野,7962936929,35.715155,140.042712,0,0,,,
高根公団,7962936930,35.730221,140.029662,0,0,,,
滝不動,7962936932,35.737718,140.025986,0,0,,,
三咲,7962936933,35.749075,140.02852,0,0,,,
二和向台,7962936935,35.753987,140.023481,0,0,,,
鎌ヶ谷大仏,7962936937,35.757912,140.013836,0,0,,,
初富,7962936940,35.772209,140.00056,0,0,,,
北初富,7962936943,35.77722,139.991825,0,0,,,
くぬぎ山,7962936945,35.782292,139.975718,0,0,,,
元山,7962936947,35.790219,139.975829,0,0,,,
五香,7962936949,35.796978,139.965928,0,0,,,
八柱,7962936953,35.791591,139.937639,0,0,,,
高根木戸,7962936961,35.726733,140.03475,0,0,,,
西白井,7966050102,35.784369,140.031652,0,0,,,
白井,7966050104,35.784739,140.054093,0,0,,,
大町,7966050113,35.775154,139.973586,0,0,,,
松飛台,7966050115,35.775351,139.957613,0,0,,,
秋山,7966050116,35.765295,139.930742,0,0,,,
千葉寺,8068316719,35.590297,140.132184,0,0,,,
おゆみ野,8068316725,35.550076,140.166128,0,0,,,
幕張豊砂,10742616693,35.658217,140.026842,1,0,,,
西鎌倉,263262699,35.319375,139.504298,0,0,,,
片瀬山,263262703,35.317265,139.496014,0,0,,,
湘南深沢,263262803,35.332872,139.518873,0,0,,,
湘南江の島,263262808,35.311727,139.487705,0,0,,,
東逗子,263266685,35.298842,139.601407,1,0,,,
大船,263267206,35.354309,139.531432,0,0,,,
六浦,263298361,35.322592,139.61129,0,0,,,
穴部,264199875,35.280107,139.148471,0,0,,,
和田河原,264199894,35.315852,139.118089,0,0,,,
富士フイルム前,264199904,35.317655,139.108894,0,0,,,
五百羅漢,264199924,35.275262,139.155702,0,0,,,
飯田岡,264199929,35.288028,139.139099,0,0,,,
相模沼田,264199933,35.292111,139.133992,0,0,,,
塚原,264199946,35.301726,139.126332,0,0,,,
井細田,264199961,35.268519,139.157298,0,0,,,
大雄山,264199994,35.319186,139.10317,0,0,,,
岩原,264199996,35.299127,139.12849,0,0,,,
緑町,264200042,35.259603,139.158983,0,0,,,
宮ノ下,264202768,35.24215,139.062869,0,0,,,
国府津,264206294,35.281289,139.214209,0,0,,,
片瀬江ノ島,264240233,35.308873,139.483502,0,0,,,
海の公園柴口,280728684,35.342105,139.635906,0,0,,,
八景島,280728809,35.340823,139.640836,0,0,,,
海の公園南口,280728896,35.337166,139.632035,0,0,,,
幸浦,280728933,35.358338,139.643739,0,0,,,
福浦,280728953,35.349649,139.648544,0,0,,,
産業振興センター,280728980,35.353426,139.646291,0,0,,,
本厚木,281366192,35.439318,139.364281,0,0,,,
伊勢原,281366968,35.395993,139.3135,0,0,,,
香川,281469762,35.356504,139.399755,0,0,,,
門沢橋,281469981,35.40668,139.380179,0,0,,,
社家,281470473,35.420555,139.377251,0,0,,,
宮山,281470884,35.382255,139.379689,0,0,,,
上永谷,355845276,35.401516,139.572534,0,0,,,
鎌倉,506122717,35.319119,139.550429,1,0,,,
阿夫利神社,604137059,35.431491,139.237932,0,0,,,
大山ケーブル,604137060,35.427849,139.244497,0,0,,,
ゆめが丘,823268950,35.405723,139.482459,0,0,,,
弥生台,823269102,35.429897,139.506349,0,0,,,
緑園都市,823269267,35.439444,139.521882,0,0,,,
いずみ中央,823269414,35.415116,139.487266,0,0,,,
いずみ野,823269446,35.429465,139.494953,0,0,,,
東戸塚,1656240306,35.430361,139.556762,1,0,,,
大山寺,1737948546,35.42958,139.240971,0,0,,,
箱根湯本,2440021673,35.233371,139.103664,0,0,,,
堀ノ内,2550872371,35.263604,139.686646,0,0,,,
金沢文庫,2550872398,35.343021,139.621612,0,0,,,
金沢八景,2550872399,35.331186,139.620144,0,0,,,
三浦海岸,2550872453,35.188215,139.653267,0,0,,,
三崎口,2550872461,35.177831,139.633053,0,0,,,
京急長沢,2550872468,35.205638,139.674393,0,0,,,
津久井浜,2550872535,35.19842,139.665268,0,0,,,
藤沢,3558156193,35.33859,139.487505,0,0,,,
鴨宮,3684970226,35.275738,139.180244,1,0,,,
茅ヶ崎,3687740514,35.330624,139.407461,1,0,,,
保土ヶ谷,3708276983,35.446689,139.599702,1,1,37,7,20
並木中央,3741112665,35.365438,139.642938,0,0,,,
並木北,3741112666,35.371877,139.642701,0,0,,,
市大医学部,3741112672,35.343948,139.650153,0,0,,,
新杉田,3741112678,35.386002,139.62041,0,0,,,
野島公園,3741112687,35.330519,139.631453,0,0,,,
厚木,3893393985,35.443389,139.378389,1,0,,,
逗子,3995628350,35.297632,139.578866,1,0,,,
山手,3995909013,35.427203,139.646284,1,0,,,
本郷台,3995909015,35.367437,139.5503,1,0,,,
根岸,3995909016,35.415657,139.63505,1,0,,,
洋光台,3995909018,35.378698,139.596465,1,0,,,
港南台,3995909019,35.375295,139.576696,1,0,,,
磯子,3995909020,35.400137,139.618158,1,0,,,
早川,4011607029,35.239178,139.145199,0,0,,,
平塚,4011607030,35.32741,139.349232,1,0,,,
根府川,4011607034,35.202666,139.138732,0,0,,,
二宮,4011607035,35.298753,139.25759,0,0,,,
小田原,4011607036,35.256182,139.155251,0,0,,,
辻堂,4011607037,35.336852,139.447065,0,0,,,
湯河原,4011607038,35.146234,139.102193,0,0,,,
大磯,4011607039,35.311303,139.313382,1,0,,,
戸塚,4011643455,35.400548,139.534215,0,0,,,
浦賀,4018469544,35.251519,139.715062,0,0,,,
港南中央,5454949004,35.4012,139.591167,0,0,,,
上大岡,5591788441,35.409033,139.595977,0,0,,,
踊場,5591788444,35.405659,139.518531,0,0,,,
舞岡,5591788445,35.402459,139.550942,0,0,,,
下永谷,5591788446,35.402589,139.559421,0,0,,,
冒険の丘,5901902868,35.25965,139.12471,0,0,,,
エントランス広場,5901902869,35.259505,139.128027,0,0,,,
鳥浜,6054866431,35.377064,139.641739,0,0,,,
南部市場,6054869524,35.380179,139.633233,0,0,,,
目白山下,6149803344,35.313987,139.491414,0,0,,,
富士見町,6545240354,35.345463,139.529376,0,0,,,
湘南町屋,6545284341,35.337951,139.522644,0,0,,,
石川町,7047979337,35.439226,139.642747,1,0,,,
関内,7048013177,35.444082,139.636036,1,0,,,
立場,7601120732,35.41427,139.500199,0,0,,,
下飯田,7601124723,35.403443,139.483208,0,0,,,
湘南台,7749857151,35.396445,139.467078,0,0,,,
中田,7749865378,35.411145,139.511331,0,0,,,
蒔田,7750247043,35.429909,139.609976,0,1,67,4,29
弘明寺,7750247044,35.423289,139.60206,0,1,62,9,17
伊勢佐木長者町,7750338825,35.441001,139.632799,0,0,,,
阪東橋,7750338826,35.437627,139.625149,0,1,135,35,19
吉野町,7750348391,35.435433,139.618715,0,1,86,24,22
久里浜,7777425788,35.233138,139.701349,1,0,,,
田浦,7777425988,35.292803,139.636946,1,0,,,
横須賀,7777425989,35.284095,139.655981,1,0,,,
衣笠,7777425990,35.257378,139.661315,1,0,,,
北鎌倉,7777531687,35.337313,139.545264,1,0,,,
開成,7812486734,35.326285,139.135905,0,0,,,
新松田,7812486736,35.344726,139.139586,0,0,,,
渋沢,7812486741,35.374159,139.18455,0,0,,,
秦野,7812486743,35.370295,139.225728,0,0,,,
東海大学前,7812486745,35.37318,139.271233,0,0,,,
鶴巻温泉,7812486747,35.380804,139.277533,0,0,,,
愛甲石田,7812486749,35.417617,139.343929,0,0,,,
栢山,7812486751,35.310934,139.142494,0,0,,,
富水,7812486753,35.296303,139.145299,0,0,,,
螢田,7812486755,35.285003,139.152062,0,0,,,
足柄,7812486757,35.271938,139.154451,0,0,,,
大平台,7843726566,35.238654,139.074023,0,0,,,
塔ノ沢,7843789528,35.234514,139.094059,0,0,,,
倉見,7846698855,35.394918,139.378341,0,0,,,
元町・中華街,7856115775,35.442116,139.650913,0,0,,,
日本大通り,7856115776,35.446735,139.642672,0,0,,,
京急富岡,7856860987,35.367138,139.629728,0,0,,,
杉田,7856860988,35.383567,139.615866,0,0,,,
屏風浦,7856860990,35.394211,139.610385,0,0,,,
井土ヶ谷,7856860997,35.433931,139.600538,0,1,25,3,24
南太田,7856860998,35.436819,139.613164,0,1,62,16,20
黄金町,7856861001,35.439924,139.623152,0,1,139,37,13
日ノ出町,7856861002,35.445547,139.626711,0,0,,,
馬堀海岸,7857842365,35.259591,139.707639,0,0,,,
京急大津,7857842367,35.260857,139.695824,0,0,,,
県立大学,7857842369,35.270291,139.676636,0,0,,,
横須賀中央,7857842370,35.2785,139.670433,0,0,,,
汐入,7857842371,35.280291,139.662159,0,0,,,
逸見,7857842373,35.280545,139.65282,0,0,,,
安針塚,7857842374,35.286649,139.643032,0,0,,,
京急田浦,7857842376,35.300894,139.625517,0,0,,,
追浜,7857842377,35.315811,139.624819,0,0,,,
能見台,7857902092,35.36085,139.62942,0,0,,,
逗子・葉山,7865831100,35.294047,139.580346,0,0,,,
神武寺,7865832908,35.306427,139.593267,0,0,,,
風祭,7880004770,35.246273,139.129344,0,0,,,
箱根板橋,7880016360,35.245199,139.14502,0,0,,,
小涌谷,7880040119,35.240503,139.052847,0,0,,,
入生田,7880051246,35.240864,139.121243,0,0,,,
新大津,7888589498,35.256821,139.690084,0,0,,,
京急久里浜,7888589500,35.23135,139.702245,0,0,,,
YRP野比,7888589503,35.2121,139.684991,0,0,,,
北久里浜,7888589505,35.249514,139.686417,0,0,,,
高座渋谷,7899706337,35.431952,139.46469,0,0,,,
真鶴,7977123012,35.156943,139.13228,0,0,,,
稲村ヶ崎,8062656936,35.304363,139.5219,0,0,,,
長谷,8062865731,35.311292,139.535867,0,0,,,
鵠沼,8062865734,35.321424,139.482601,0,0,,,
江ノ島,8062865735,35.311044,139.487542,0,0,,,
七里ヶ浜,8063948626,35.306281,139.510117,0,0,,,
和田塚,8063948628,35.31371,139.5455,0,0,,,
由比ヶ浜,8063948629,35.312772,139.541364,0,0,,,
極楽寺,8063948630,35.309212,139.528672,0,0,,,
石上,8063951768,35.332127,139.48552,0,0,,,
柳小路,8063951769,35.327631,139.485181,0,0,,,
腰越,8063964898,35.308382,139.493208,0,0,,,
鎌倉高校前,8063964899,35.306721,139.50071,0,0,,,
湘南海岸公園,8063967424,35.314946,139.483647,0,0,,,
彫刻の森,8076209964,35.24659,139.050778,0,0,,,
松田,8238086184,35.346232,139.138575,0,0,,,
山北,8238086588,35.360773,139.080153,0,0,,,
上大井,8244080357,35.322201,139.163185,0,0,,,
相模金子,8244080364,35.333895,139.150443,0,0,,,
東山北,8244080365,35.357405,139.107833,0,0,,,
下曽我,8244174769,35.303881,139.183327,0,0,,,
横浜本牧,9235961228,35.423395,139.671372,0,0,,,
本牧埠頭,9235961237,35.431942,139.674159,0,0,,,
北茅ヶ崎,9852326792,35.339094,139.407616,0,0,,,
寒川,9852326798,35.367664,139.387434,0,0,,,
藤沢本町,10082866963,35.347985,139.47609,0,0,,,
六会日大前,10108140336,35.383531,139.470831,0,0,,,
長後,10108140337,35.412546,139.465429,0,0,,,
本鵠沼,10108140338,35.330777,139.474874,0,0,,,
鵠沼海岸,10108140339,35.320708,139.471273,0,0,,,
善行,10108140345,35.362718,139.473236,0,0,,,
西畑,1831219031,35.250762,140.215612,0,0,,,
養老渓谷,1832342938,35.266436,140.159604,0,0,,,
上総鶴舞,1832343070,35.3814,140.165169,0,0,,,
飯給,1832453983,35.320793,140.142182,0,0,,,
上総大久保,1832454906,35.283508,140.145858,0,0,,,
月崎,1832454943,35.302196,140.139392,0,0,,,
上総中野,1844116450,35.250069,140.1999,0,0,,,
上総川間,1844116452,35.388114,140.151124,0,0,,,
上総牛久,1844116454,35.400141,140.1421,0,0,,,
光風台,1844116455,35.440354,140.114206,0,0,,,
里見,1844116457,35.336711,140.145488,0,0,,,
高滝,1844116458,35.353294,140.150349,0,0,,,
上総松丘,1844138966,35.257796,140.063998,0,0,,,
俵田,1844138974,35.314689,140.061284,0,0,,,
平山,1844138981,35.274359,140.064867,0,0,,,
三門,3014657226,35.28239,140.391606,1,0,,,
上総一ノ宮,3014657227,35.373679,140.365021,1,0,,,
上総清川,3014657228,35.390949,139.96554,1,0,,,
上総湊,3014657229,35.222284,139.87126,1,0,,,
上総興津,3014657230,35.137241,140.250935,1,0,,,
九重,3014657231,34.997681,139.911091,1,0,,,
佐貫町,3014683033,35.260623,139.876075,1,0,,,
保田,3014683034,35.141061,139.838344,1,0,,,
八積,3014683036,35.403732,140.345609,1,0,,,
勝浦,3014683037,35.153098,140.31288,1,0,,,
千倉,3014683039,34.976716,139.954679,1,0,,,
千歳,3014683040,34.99165,139.966465,1,0,,,
南三原,3014683041,35.021074,139.979226,1,0,,,
君津,3014683042,35.33363,139.895505,1,0,,,
和田浦,3014683043,35.041815,140.019492,1,0,,,
大原,3014683045,35.250859,140.390988,1,0,,,
大貫,3014683047,35.291081,139.855605,1,0,,,
太東,3014683048,35.319948,140.381082,1,0,,,
太海,3014683049,35.08183,140.09626,1,0,,,
安房勝山,3014683051,35.113752,139.83335,0,0,,,
安房天津,3014683052,35.125578,140.154458,1,0,,,
安房小湊,3014683053,35.128689,140.190318,1,0,,,
富浦,3014683055,35.045262,139.837798,1,0,,,
岩井,3014683056,35.092635,139.849634,1,0,,,
巌根,3014683057,35.414408,139.933518,1,0,,,
御宿,3014683058,35.187714,140.351488,1,0,,,
新茂原,3014683059,35.449569,140.299985,1,0,,,
木更津,3014683060,35.381607,139.926243,1,0,,,
東浪見,3014683063,35.347168,140.376699,1,0,,,
東清川,3014683064,35.390016,139.985803,1,0,,,
横田,3014683066,35.386109,140.020341,1,0,,,
江見,3014683069,35.062414,140.061387,1,0,,,
浜金谷,3014683071,35.168137,139.822379,1,0,,,
浪花,3014683072,35.222702,140.379432,1,0,,,
祇園,3014683073,35.391524,139.948304,1,0,,,
竹岡,3014683075,35.197667,139.829852,1,0,,,
茂原,3014683076,35.426922,140.303875,1,0,,,
行川アイランド,3014683078,35.118256,140.225936,1,0,,,
袖ケ浦,3014683079,35.432168,139.957802,1,0,,,
那古船形,3014683081,35.028476,139.851562,1,0,,,
長者町,3014683084,35.295885,140.385037,1,0,,,
青堀,3014683085,35.33032,139.85829,1,0,,,
館山,3014683086,34.995921,139.861891,1,0,,,
鵜原,3014683087,35.140844,140.278467,1,0,,,
下郡,3016197319,35.355345,140.055442,0,0,,,
小櫃,3016197320,35.328408,140.059916,0,0,,,
東横田,3016197321,35.386268,140.036446,0,0,,,
馬来田,3016197322,35.366675,140.058687,0,0,,,
馬立,3690521151,35.423673,140.114878,0,0,,,
上総亀山,3896490890,35.233083,140.089839,0,0,,,
久留里,3896490891,35.295846,140.07575,1,0,,,
上総久保,3896556676,35.367514,140.154606,0,0,,,
上総東,11483977772,35.263348,140.345084,0,0,,,
新田野,11483977773,35.276481,140.328073,0,0,,,
国吉,11483977789,35.280565,140.313795,0,0,,,
上総中川,11483977791,35.282701,140.280476,0,0,,,
城見ヶ丘,11483977793,35.291696,140.252551,0,0,,,
大多喜,11483977794,35.286687,140.243989,0,0,,,
小谷松,11483977797,35.268783,140.251419,0,0,,,
東総元,11483977798,35.259403,140.247627,0,0,,,
久我原,11483977803,35.250097,140.247896,0,0,,,
総元,11483977804,35.240633,140.240859,0,0,,,
西大原,11483977809,35.260547,140.377916,0,0,,,
安房鴨川,11493159985,35.107664,140.103701,1,0,,,
